series_id,price_date,split_set,state,district,market,market_region,commodity,variety,grade,modal_price,min_price,max_price,daily_spread_pct,days_since_last_trade,lag_1,lag_3,lag_7,lag_14,lag_30,rolling_mean_7,rolling_mean_14,rolling_mean_30,rolling_median_7,rolling_median_30,rolling_std_7,rolling_std_30,rolling_min_7,rolling_max_7,price_momentum_7,price_return_1d,price_volatility_30,has_arrivals_data,day_of_week,month,day_of_year,week_of_year,is_monday,is_saturday,season_kharif,season_rabi,season_zaid,sin_day_of_year,cos_day_of_year,sin_month,cos_month,benchmark_price,spread_vs_benchmark,pct_spread_vs_benchmark,target_price_t1,target_price_t3,target_price_t7,target_return_t1
Tomato (Hybrid)__Kolhapur APMC__Other,2023-07-12,train,Maharashtra,Kolhapur,Kolhapur APMC,Benchmark,Tomato (Hybrid),Other,FAQ,5000.0,1000.0,9000.0,1.6,1,4000.0,4000.0,4700.0,3000.0,1200.0,4214.29,3900.0,2920.0,4500.0,3000.0,589.02,1093.43,3000.0,5000.0,0.1864,0.25,0.3745,0,2,7,193,28,0,0,1,0,0,-0.177529,-0.984116,-0.5,-0.866025,,,,5000.0,5000.0,4000.0,0.0
Tomato (Hybrid)__Kolhapur APMC__Other,2023-07-13,train,Maharashtra,Kolhapur,Kolhapur APMC,Benchmark,Tomato (Hybrid),Other,FAQ,5000.0,1000.0,9000.0,1.6,1,5000.0,4500.0,4500.0,3200.0,1500.0,4285.71,4028.57,3036.67,4500.0,3000.0,646.81,1122.05,3000.0,5000.0,0.1667,0.0,0.3695,0,3,7,194,28,0,0,1,0,0,-0.194431,-0.980916,-0.5,-0.866025,,,,4800.0,4500.0,4300.0,-0.04
Tomato (Hybrid)__Kolhapur APMC__Other,2023-07-15,train,Maharashtra,Kolhapur,Kolhapur APMC,Benchmark,Tomato (Hybrid),Other,FAQ,4800.0,1000.0,8500.0,1.5625,2,5000.0,4000.0,3000.0,3200.0,1100.0,4542.86,4142.86,3160.0,4500.0,3000.0,392.27,1105.62,4000.0,5000.0,0.0566,-0.04,0.3499,0,5,7,196,28,0,1,1,0,0,-0.228058,-0.973648,-0.5,-0.866025,,,,5000.0,4500.0,6000.0,0.0417
Tomato (Hybrid)__Kolhapur APMC__Other,2023-07-16,train,Maharashtra,Kolhapur,Kolhapur APMC,Benchmark,Tomato (Hybrid),Other,FAQ,5000.0,1000.0,9000.0,1.6,1,4800.0,5000.0,4500.0,3000.0,1800.0,4614.29,4285.71,3266.67,4800.0,3000.0,422.34,1123.49,4000.0,5000.0,0.0836,0.0417,0.3439,0,6,7,197,28,0,0,1,0,0,-0.244772,-0.969581,-0.5,-0.866025,,,,4500.0,4500.0,6000.0,-0.1
Tomato (Hybrid)__Kolhapur APMC__Other,2023-07-17,train,Maharashtra,Kolhapur,Kolhapur APMC,Benchmark,Tomato (Hybrid),Other,FAQ,4500.0,1000.0,8000.0,1.5556,1,5000.0,5000.0,4000.0,3000.0,2000.0,4685.71,4392.86,3350.0,4800.0,3200.0,348.17,1119.15,4000.0,5000.0,-0.0396,-0.1,0.3341,0,0,7,198,29,1,0,1,0,0,-0.261414,-0.965227,-0.5,-0.866025,,,,4500.0,4000.0,6500.0,0.0
Tomato (Hybrid)__Kolhapur APMC__Other,2023-07-18,train,Maharashtra,Kolhapur,Kolhapur APMC,Benchmark,Tomato (Hybrid),Other,FAQ,4500.0,1000.0,8000.0,1.5556,1,4500.0,4800.0,4500.0,3400.0,1800.0,4685.71,4471.43,3440.0,4800.0,3200.0,348.17,1099.27,4000.0,5000.0,-0.0396,0.0,0.3196,0,1,7,199,29,0,0,1,0,0,-0.277979,-0.960587,-0.5,-0.866025,,,,4500.0,4300.0,5000.0,0.0
Tomato (Hybrid)__Kolhapur APMC__Other,2023-07-19,train,Maharashtra,Kolhapur,Kolhapur APMC,Benchmark,Tomato (Hybrid),Other,FAQ,4500.0,1000.0,8000.0,1.5556,1,4500.0,5000.0,4000.0,4600.0,1900.0,4757.14,4464.29,3526.67,4800.0,3400.0,232.12,1076.7,4500.0,5000.0,-0.0541,0.0,0.3053,0,2,7,200,29,0,0,1,0,0,-0.294462,-0.955663,-0.5,-0.866025,,,,4000.0,6000.0,4500.0,-0.1111
Tomato (Hybrid)__Kolhapur APMC__Other,2023-07-20,train,Maharashtra,Kolhapur,Kolhapur APMC,Benchmark,Tomato (Hybrid),Other,FAQ,4000.0,500.0,7500.0,1.75,1,4500.0,4500.0,5000.0,4700.0,1800.0,4614.29,4414.29,3600.0,4500.0,4000.0,327.01,1030.53,4000.0,5000.0,-0.1331,-0.1111,0.2863,0,3,7,201,29,0,0,1,0,0,-0.310857,-0.950457,-0.5,-0.866025,,,,4300.0,6000.0,6000.0,0.075
Tomato (Hybrid)__Kolhapur APMC__Other,2023-07-22,train,Maharashtra,Kolhapur,Kolhapur APMC,Benchmark,Tomato (Hybrid),Other,FAQ,4300.0,2000.0,8000.0,1.3953,2,4000.0,4500.0,5000.0,4500.0,1800.0,4514.29,4400.0,3683.33,4500.0,4000.0,299.66,981.52,4000.0,5000.0,-0.0475,0.075,0.2665,0,5,7,203,29,0,1,1,0,0,-0.343367,-0.939201,-0.5,-0.866025,,,,6000.0,6500.0,6500.0,0.3953
Tomato (Hybrid)__Kolhapur APMC__Other,2023-07-23,train,Maharashtra,Kolhapur,Kolhapur APMC,Benchmark,Tomato (Hybrid),Other,FAQ,6000.0,2000.0,9000.0,1.1667,1,4300.0,4500.0,4800.0,3000.0,2000.0,4685.71,4614.29,3816.67,4500.0,4000.0,603.39,1014.92,4000.0,6000.0,0.2805,0.3953,0.2659,0,6,7,204,29,0,0,1,0,0,-0.359472,-0.933156,-0.5,-0.866025,,,,6000.0,5000.0,6800.0,0.0
Tomato (Hybrid)__Kolhapur APMC__Other,2023-07-24,train,Maharashtra,Kolhapur,Kolhapur APMC,Benchmark,Tomato (Hybrid),Other,FAQ,6000.0,2000.0,10000.0,1.3333,1,6000.0,4000.0,5000.0,4500.0,2000.0,4828.57,4721.43,3950.0,4500.0,4300.0,759.16,1030.13,4000.0,6000.0,0.2426,0.0,0.2608,0,0,7,205,30,1,0,1,0,0,-0.37547,-0.926834,-0.5,-0.866025,,,,6500.0,4500.0,6500.0,0.0833
Tomato (Hybrid)__Kolhapur APMC__Other,2023-07-25,train,Maharashtra,Kolhapur,Kolhapur APMC,Benchmark,Tomato (Hybrid),Other,FAQ,6500.0,2000.0,11000.0,1.3846,1,6000.0,4300.0,4500.0,4000.0,2500.0,5114.29,4900.0,4083.33,4500.0,4500.0,937.21,1090.9,4000.0,6500.0,0.2709,0.0833,0.2672,0,1,7,206,30,0,0,1,0,0,-0.391358,-0.920239,-0.5,-0.866025,,,,5000.0,6000.0,6000.0,-0.2308
Tomato (Hybrid)__Kolhapur APMC__Other,2023-07-26,train,Maharashtra,Kolhapur,Kolhapur APMC,Benchmark,Tomato (Hybrid),Other,FAQ,5000.0,2000.0,8000.0,1.2,1,6500.0,6000.0,4500.0,4500.0,2000.0,5185.71,4935.71,4183.33,5000.0,4500.0,906.21,1031.21,4000.0,6500.0,-0.0358,-0.2308,0.2465,0,2,7,207,30,0,0,1,0,0,-0.407129,-0.91337,-0.5,-0.866025,,,,4500.0,6500.0,6000.0,-0.1
Tomato (Hybrid)__Kolhapur APMC__Other,2023-07-27,train,Maharashtra,Kolhapur,Kolhapur APMC,Benchmark,Tomato (Hybrid),Other,FAQ,4500.0,2000.0,7000.0,1.1111,1,5000.0,6000.0,4500.0,4000.0,2500.0,5185.71,4971.43,4250.0,5000.0,4500.0,906.21,983.79,4000.0,6500.0,-0.1322,-0.1,0.2315,0,3,7,208,30,0,0,1,0,0,-0.422781,-0.906232,-0.5,-0.866025,,,,6000.0,6800.0,7500.0,0.3333
Tomato (Hybrid)__Kolhapur APMC__Other,2023-07-29,train,Maharashtra,Kolhapur,Kolhapur APMC,Benchmark,Tomato (Hybrid),Other,FAQ,6000.0,3000.0,10000.0,1.1667,2,4500.0,6500.0,4000.0,5000.0,2500.0,5471.43,5042.86,4366.67,6000.0,4500.0,795.91,976.84,4300.0,6500.0,0.0966,0.3333,0.2237,0,5,7,210,30,0,1,1,0,0,-0.453703,-0.891153,-0.5,-0.866025,,,,6500.0,6500.0,5500.0,0.0833
Tomato (Hybrid)__Kolhapur APMC__Other,2023-07-30,train,Maharashtra,Kolhapur,Kolhapur APMC,Benchmark,Tomato (Hybrid),Other,FAQ,6500.0,3000.0,10000.0,1.0769,1,6000.0,5000.0,4300.0,5000.0,2800.0,5785.71,5150.0,4490.0,6000.0,4500.0,699.85,1004.44,4500.0,6500.0,0.1235,0.0833,0.2237,0,6,7,211,30,0,0,1,0,0,-0.468965,-0.883217,-0.5,-0.866025,,,,6800.0,6000.0,,0.0462
Tomato (Hybrid)__Kolhapur APMC__Other,2023-07-31,train,Maharashtra,Kolhapur,Kolhapur APMC,Benchmark,Tomato (Hybrid),Other,FAQ,6800.0,2500.0,11000.0,1.25,1,6500.0,4500.0,6000.0,4800.0,3000.0,5900.0,5292.86,4616.67,6000.0,4500.0,785.58,1047.25,4500.0,6800.0,0.1525,0.0462,0.2268,0,0,7,212,31,1,0,1,0,0,-0.484089,-0.875019,-0.5,-0.866025,,,,6500.0,6000.0,,-0.0441
Tomato (Hybrid)__Kolhapur APMC__Other,2023-08-01,train,Maharashtra,Kolhapur,Kolhapur APMC,Benchmark,Tomato (Hybrid),Other,FAQ,6500.0,2500.0,11000.0,1.3077,1,6800.0,6000.0,6000.0,5000.0,3200.0,5971.43,5400.0,4726.67,6500.0,4500.0,813.66,1065.81,4500.0,6800.0,0.0885,-0.0441,0.2255,0,1,8,213,31,0,0,1,0,0,-0.499069,-0.866562,-0.866025,-0.5,,,,6000.0,7500.0,,-0.0769
Tomato (Hybrid)__Kolhapur APMC__Other,2023-08-02,train,Maharashtra,Kolhapur,Kolhapur APMC,Benchmark,Tomato (Hybrid),Other,FAQ,6000.0,2500.0,10000.0,1.25,1,6500.0,6500.0,6500.0,4500.0,3200.0,5900.0,5507.14,4820.0,6000.0,4600.0,785.58,1050.52,4500.0,6800.0,0.0169,-0.0769,0.218,0,2,8,214,31,0,0,1,0,0,-0.513901,-0.857849,-0.866025,-0.5,,,,6000.0,5500.0,,0.0
Tomato (Hybrid)__Kolhapur APMC__Other,2023-08-03,train,Maharashtra,Kolhapur,Kolhapur APMC,Benchmark,Tomato (Hybrid),Other,FAQ,6000.0,2000.0,10000.0,1.3333,1,6000.0,6800.0,5000.0,4500.0,3000.0,6042.86,5614.29,4920.0,6000.0,4700.0,694.59,1014.69,4500.0,6800.0,-0.0071,0.0,0.2062,0,3,8,215,31,0,0,1,0,0,-0.528581,-0.848883,-0.866025,-0.5,,,,7500.0,,,0.25
Tomato (Hybrid)__Kolhapur APMC__Other,2023-08-05,train,Maharashtra,Kolhapur,Kolhapur APMC,Benchmark,Tomato (Hybrid),Other,FAQ,7500.0,3000.0,12000.0,1.2,2,6000.0,6500.0,4500.0,4500.0,3000.0,6471.43,5828.57,5070.0,6500.0,4800.0,511.9,1051.71,6000.0,7500.0,0.1589,0.25,0.2074,0,5,8,217,31,0,1,1,0,0,-0.557468,-0.830198,-0.866025,-0.5,,,,5500.0,,,-0.2667
Tomato (Hybrid)__Kolhapur APMC__Other,2023-08-06,train,Maharashtra,Kolhapur,Kolhapur APMC,Benchmark,Tomato (Hybrid),Other,FAQ,5500.0,3000.0,8000.0,0.9091,1,7500.0,6000.0,6000.0,4000.0,3400.0,6400.0,5935.71,5140.0,6500.0,5000.0,600.0,1007.17,5500.0,7500.0,-0.1406,-0.2667,0.1959,0,6,8,218,31,0,0,1,0,0,-0.571667,-0.820486,-0.866025,-0.5,,,,,,,
Tomato (Hybrid)__Khed APMC (Chakan Yard)__Other,2023-07-13,train,Maharashtra,Pune,Khed APMC (Chakan Yard),Pune Cluster,Tomato (Hybrid),Other,FAQ,7500.0,6000.0,9000.0,0.4,1,7500.0,7000.0,7000.0,4000.0,1300.0,6714.29,5964.29,4243.33,7500.0,4000.0,2403.23,2239.6,1000.0,8500.0,0.117,0.0,0.5278,0,3,7,194,28,0,0,1,0,0,-0.194431,-0.980916,-0.5,-0.866025,,,,7000.0,7500.0,1000.0,-0.0667
Tomato (Hybrid)__Khed APMC (Chakan Yard)__Other,2023-07-14,train,Maharashtra,Pune,Khed APMC (Chakan Yard),Pune Cluster,Tomato (Hybrid),Other,FAQ,7000.0,6000.0,8000.0,0.2857,1,7500.0,8500.0,7000.0,4000.0,1400.0,6714.29,6178.57,4430.0,7500.0,4000.0,2403.23,2228.18,1000.0,8500.0,0.0426,-0.0667,0.503,0,4,7,195,28,0,0,1,0,0,-0.211276,-0.977426,-0.5,-0.866025,,,,7500.0,7500.0,7500.0,0.0714
Tomato (Hybrid)__Khed APMC (Chakan Yard)__Other,2023-07-15,train,Maharashtra,Pune,Khed APMC (Chakan Yard),Pune Cluster,Tomato (Hybrid),Other,FAQ,7500.0,6000.0,9000.0,0.4,1,7000.0,7500.0,1000.0,4000.0,1400.0,7642.86,6428.57,4633.33,7500.0,4000.0,580.29,2220.71,7000.0,8500.0,-0.0187,0.0714,0.4793,0,5,7,196,28,0,1,1,0,0,-0.228058,-0.973648,-0.5,-0.866025,,,,7500.0,7500.0,7500.0,0.0
Tomato (Hybrid)__Khed APMC (Chakan Yard)__Other,2023-07-16,train,Maharashtra,Pune,Khed APMC (Chakan Yard),Pune Cluster,Tomato (Hybrid),Other,FAQ,7500.0,6000.0,9000.0,0.4,1,7500.0,7500.0,8500.0,4500.0,1500.0,7500.0,6642.86,4833.33,7500.0,4500.0,462.91,2199.6,7000.0,8500.0,0.0,0.0,0.4551,0,6,7,197,28,0,0,1,0,0,-0.244772,-0.969581,-0.5,-0.866025,,,,7500.0,7500.0,8500.0,0.0
Tomato (Hybrid)__Khed APMC (Chakan Yard)__Other,2023-07-18,train,Maharashtra,Pune,Khed APMC (Chakan Yard),Pune Cluster,Tomato (Hybrid),Other,FAQ,7500.0,6000.0,9000.0,0.4,2,7500.0,7000.0,7000.0,5500.0,1700.0,7571.43,6785.71,5026.67,7500.0,5000.0,416.5,2170.4,7000.0,8500.0,-0.0094,0.0,0.4318,0,1,7,199,29,0,0,1,0,0,-0.277979,-0.960587,-0.5,-0.866025,,,,7500.0,1000.0,8000.0,0.0
Tomato (Hybrid)__Khed APMC (Chakan Yard)__Other,2023-07-19,train,Maharashtra,Pune,Khed APMC (Chakan Yard),Pune Cluster,Tomato (Hybrid),Other,FAQ,7500.0,6000.0,9000.0,0.4,1,7500.0,7500.0,8500.0,5500.0,2000.0,7428.57,6928.57,5210.0,7500.0,5500.0,174.96,2139.06,7000.0,7500.0,0.0096,0.0,0.4106,0,2,7,200,29,0,0,1,0,0,-0.294462,-0.955663,-0.5,-0.866025,,,,7500.0,7500.0,8500.0,0.0
Tomato (Hybrid)__Khed APMC (Chakan Yard)__Other,2023-07-20,train,Maharashtra,Pune,Khed APMC (Chakan Yard),Pune Cluster,Tomato (Hybrid),Other,FAQ,7500.0,6000.0,9000.0,0.4,1,7500.0,7500.0,7500.0,6000.0,2500.0,7428.57,7035.71,5376.67,7500.0,5500.0,174.96,2116.08,7000.0,7500.0,0.0096,0.0,0.3936,0,3,7,201,29,0,0,1,0,0,-0.310857,-0.950457,-0.5,-0.866025,,,,1000.0,7500.0,900.0,-0.8667
Tomato (Hybrid)__Khed APMC (Chakan Yard)__Other,2023-07-25,train,Maharashtra,Pune,Khed APMC (Chakan Yard),Pune Cluster,Tomato (Hybrid),Other,FAQ,1000.0,800.0,1200.0,0.4,5,7500.0,7500.0,7500.0,7000.0,2500.0,6500.0,6607.14,5326.67,7500.0,5500.0,2251.98,2199.54,1000.0,7500.0,-0.8462,-0.8667,0.4129,0,1,7,206,30,0,0,1,0,0,-0.391358,-0.920239,-0.5,-0.866025,,,,7500.0,8500.0,8000.0,6.5
Tomato (Hybrid)__Khed APMC (Chakan Yard)__Other,2023-07-26,train,Maharashtra,Pune,Khed APMC (Chakan Yard),Pune Cluster,Tomato (Hybrid),Other,FAQ,7500.0,6000.0,9000.0,0.4,1,1000.0,7500.0,7000.0,7000.0,2800.0,6571.43,6642.86,5483.33,7500.0,6000.0,2274.53,2181.3,1000.0,7500.0,0.1413,6.5,0.3978,0,2,7,207,30,0,0,1,0,0,-0.407129,-0.91337,-0.5,-0.866025,,,,7500.0,8000.0,9000.0,0.0
Tomato (Hybrid)__Khed APMC (Chakan Yard)__Other,2023-07-27,train,Maharashtra,Pune,Khed APMC (Chakan Yard),Pune Cluster,Tomato (Hybrid),Other,FAQ,7500.0,6000.0,9000.0,0.4,1,7500.0,7500.0,7500.0,1000.0,2500.0,6571.43,7107.14,5650.0,7500.0,7000.0,2274.53,2137.56,1000.0,7500.0,0.1413,0.0,0.3783,0,3,7,208,30,0,0,1,0,0,-0.422781,-0.906232,-0.5,-0.866025,,,,8500.0,8500.0,8500.0,0.1333
Tomato (Hybrid)__Khed APMC (Chakan Yard)__Other,2023-07-28,train,Maharashtra,Pune,Khed APMC (Chakan Yard),Pune Cluster,Tomato (Hybrid),Other,FAQ,8500.0,7000.0,10000.0,0.3529,1,7500.0,1000.0,7500.0,8500.0,2500.0,6714.29,7107.14,5850.0,7500.0,7000.0,2358.22,2114.04,1000.0,8500.0,0.266,0.1333,0.3614,0,4,7,209,30,0,0,1,0,0,-0.438307,-0.898825,-0.5,-0.866025,,,,8000.0,900.0,9000.0,-0.0588
Tomato (Hybrid)__Khed APMC (Chakan Yard)__Other,2023-07-29,train,Maharashtra,Pune,Khed APMC (Chakan Yard),Pune Cluster,Tomato (Hybrid),Other,FAQ,8000.0,7000.0,9000.0,0.25,1,8500.0,7500.0,7500.0,7000.0,3000.0,6785.71,7178.57,6016.67,7500.0,7000.0,2388.32,2079.6,1000.0,8500.0,0.1789,-0.0588,0.3456,0,5,7,210,30,0,1,1,0,0,-0.453703,-0.891153,-0.5,-0.866025,,,,8500.0,8000.0,,0.0625
Tomato (Hybrid)__Khed APMC (Chakan Yard)__Other,2023-07-30,train,Maharashtra,Pune,Khed APMC (Chakan Yard),Pune Cluster,Tomato (Hybrid),Other,FAQ,8500.0,7000.0,10000.0,0.3529,1,8000.0,7500.0,7500.0,8500.0,3000.0,6928.57,7178.57,6200.0,7500.0,7000.0,2455.73,2047.76,1000.0,8500.0,0.2268,0.0625,0.3303,0,6,7,211,30,0,0,1,0,0,-0.468965,-0.883217,-0.5,-0.866025,,,,900.0,9000.0,,-0.8941
Tomato (Hybrid)__Khed APMC (Chakan Yard)__Other,2023-08-01,train,Maharashtra,Pune,Khed APMC (Chakan Yard),Pune Cluster,Tomato (Hybrid),Other,FAQ,900.0,800.0,1000.0,0.2222,2,8500.0,8500.0,7500.0,7500.0,5000.0,5985.71,6707.14,6063.33,7500.0,7000.0,3207.33,2250.11,900.0,8500.0,-0.8496,-0.8941,0.3711,0,1,8,213,31,0,0,1,0,0,-0.499069,-0.866562,-0.866025,-0.5,,,,8000.0,8500.0,,7.8889
Tomato (Hybrid)__Khed APMC (Chakan Yard)__Other,2023-08-02,train,Maharashtra,Pune,Khed APMC (Chakan Yard),Pune Cluster,Tomato (Hybrid),Other,FAQ,8000.0,7000.0,9000.0,0.25,1,900.0,8000.0,1000.0,7500.0,4000.0,6985.71,6742.86,6196.67,8000.0,7500.0,2513.07,2242.39,900.0,8500.0,0.1452,7.8889,0.3619,0,2,8,214,31,0,0,1,0,0,-0.513901,-0.857849,-0.866025,-0.5,,,,9000.0,9000.0,,0.125
Tomato (Hybrid)__Khed APMC (Chakan Yard)__Other,2023-08-03,train,Maharashtra,Pune,Khed APMC (Chakan Yard),Pune Cluster,Tomato (Hybrid),Other,FAQ,9000.0,7000.0,10000.0,0.3333,1,8000.0,8500.0,7500.0,7000.0,4000.0,7200.0,6885.71,6363.33,8000.0,7500.0,2609.87,2258.68,900.0,9000.0,0.25,0.125,0.355,0,3,8,215,31,0,0,1,0,0,-0.528581,-0.848883,-0.866025,-0.5,,,,8500.0,,,-0.0556
Tomato (Hybrid)__Khed APMC (Chakan Yard)__Other,2023-08-04,train,Maharashtra,Pune,Khed APMC (Chakan Yard),Pune Cluster,Tomato (Hybrid),Other,FAQ,8500.0,7000.0,10000.0,0.3529,1,9000.0,900.0,7500.0,7500.0,4000.0,7342.86,6957.14,6513.33,8500.0,7500.0,2649.45,2246.14,900.0,9000.0,0.1576,-0.0556,0.3449,0,4,8,216,31,0,0,1,0,0,-0.543105,-0.839665,-0.866025,-0.5,,,,9000.0,,,0.0588
Tomato (Hybrid)__Khed APMC (Chakan Yard)__Other,2023-08-05,train,Maharashtra,Pune,Khed APMC (Chakan Yard),Pune Cluster,Tomato (Hybrid),Other,FAQ,9000.0,8000.0,10000.0,0.2222,1,8500.0,8000.0,8500.0,7500.0,4000.0,7414.29,7064.29,6680.0,8500.0,7500.0,2686.17,2238.96,900.0,9000.0,0.2139,0.0588,0.3352,0,5,8,217,31,0,1,1,0,0,-0.557468,-0.830198,-0.866025,-0.5,,,,,,,
Tomato (Hybrid)__Vai APMC__Local,2023-07-15,train,Maharashtra,Satara,Vai APMC,Other Maharashtra,Tomato (Hybrid),Local,FAQ,5000.0,3000.0,9000.0,1.2,2,6500.0,6500.0,6500.0,3500.0,1450.0,5857.14,5089.29,3623.33,6000.0,3500.0,638.88,1757.31,5000.0,6500.0,-0.1463,-0.2308,0.485,0,5,7,196,28,0,1,1,0,0,-0.228058,-0.973648,-0.5,-0.866025,,,,5500.0,7500.0,8000.0,0.1
Tomato (Hybrid)__Vai APMC__Local,2023-07-16,train,Maharashtra,Satara,Vai APMC,Other Maharashtra,Tomato (Hybrid),Local,FAQ,5500.0,3000.0,9000.0,1.0909,1,5000.0,6500.0,6000.0,3750.0,1450.0,5785.71,5214.29,3758.33,5500.0,3500.0,646.81,1740.65,5000.0,6500.0,-0.0494,0.1,0.4631,0,6,7,197,28,0,0,1,0,0,-0.244772,-0.969581,-0.5,-0.866025,,,,5500.0,6000.0,8000.0,0.0
Tomato (Hybrid)__Vai APMC__Local,2023-07-17,train,Maharashtra,Satara,Vai APMC,Other Maharashtra,Tomato (Hybrid),Local,FAQ,5500.0,2500.0,9000.0,1.1818,1,5500.0,6500.0,5500.0,4000.0,1700.0,5785.71,5321.43,3885.0,5500.0,3750.0,646.81,1724.44,5000.0,6500.0,-0.0494,0.0,0.4439,0,0,7,198,29,1,0,1,0,0,-0.261414,-0.965227,-0.5,-0.866025,,,,7500.0,5500.0,8000.0,0.3636
Tomato (Hybrid)__Vai APMC__Local,2023-07-18,train,Maharashtra,Satara,Vai APMC,Other Maharashtra,Tomato (Hybrid),Local,FAQ,7500.0,3000.0,10000.0,0.9333,1,5500.0,5000.0,5000.0,2750.0,1500.0,6142.86,5660.71,4085.0,6500.0,3750.0,788.95,1783.17,5000.0,7500.0,0.2209,0.3636,0.4365,0,1,7,199,29,0,0,1,0,0,-0.277979,-0.960587,-0.5,-0.866025,,,,6000.0,7000.0,6500.0,-0.2
Tomato (Hybrid)__Vai APMC__Local,2023-07-19,train,Maharashtra,Satara,Vai APMC,Other Maharashtra,Tomato (Hybrid),Local,FAQ,6000.0,3000.0,10000.0,1.1667,1,7500.0,5500.0,6500.0,2750.0,1400.0,6071.43,5892.86,4238.33,6000.0,4000.0,775.91,1743.02,5000.0,7500.0,-0.0118,-0.2,0.4113,0,2,7,200,29,0,0,1,0,0,-0.294462,-0.955663,-0.5,-0.866025,,,,5500.0,8000.0,7000.0,-0.0833
Tomato (Hybrid)__Vai APMC__Local,2023-07-20,train,Maharashtra,Satara,Vai APMC,Other Maharashtra,Tomato (Hybrid),Local,FAQ,5500.0,3000.0,9000.0,1.0909,1,6000.0,5500.0,6500.0,4500.0,1900.0,5928.57,5964.29,4358.33,5500.0,4500.0,775.91,1701.33,5000.0,7500.0,-0.0723,-0.0833,0.3904,0,3,7,201,29,0,0,1,0,0,-0.310857,-0.950457,-0.5,-0.866025,,,,7000.0,8000.0,7000.0,0.2727
Tomato (Hybrid)__Vai APMC__Local,2023-07-21,train,Maharashtra,Satara,Vai APMC,Other Maharashtra,Tomato (Hybrid),Local,FAQ,7000.0,3500.0,11000.0,1.0714,1,5500.0,7500.0,6500.0,6000.0,2000.0,6000.0,6035.71,4525.0,5500.0,5000.0,845.15,1707.03,5000.0,7500.0,0.1667,0.2727,0.3772,0,4,7,202,29,0,0,1,0,0,-0.32716,-0.944969,-0.5,-0.866025,,,,8000.0,8000.0,7000.0,0.1429
Tomato (Hybrid)__Vai APMC__Local,2023-07-22,train,Maharashtra,Satara,Vai APMC,Other Maharashtra,Tomato (Hybrid),Local,FAQ,8000.0,4000.0,11000.0,0.875,1,7000.0,6000.0,5000.0,6500.0,1750.0,6428.57,6142.86,4733.33,6000.0,5000.0,979.38,1736.78,5500.0,8000.0,0.2444,0.1429,0.3669,0,5,7,203,29,0,1,1,0,0,-0.343367,-0.939201,-0.5,-0.866025,,,,8000.0,6500.0,7000.0,0.0
Tomato (Hybrid)__Vai APMC__Local,2023-07-23,train,Maharashtra,Satara,Vai APMC,Other Maharashtra,Tomato (Hybrid),Local,FAQ,8000.0,5000.0,13000.0,1.0,1,8000.0,5500.0,5500.0,6000.0,2000.0,6785.71,6285.71,4933.33,7000.0,5500.0,1030.16,1755.86,5500.0,8000.0,0.1789,0.0,0.3559,0,6,7,204,29,0,0,1,0,0,-0.359472,-0.933156,-0.5,-0.866025,,,,8000.0,7000.0,7000.0,0.0
Tomato (Hybrid)__Vai APMC__Local,2023-07-24,train,Maharashtra,Satara,Vai APMC,Other Maharashtra,Tomato (Hybrid),Local,FAQ,8000.0,5000.0,12000.0,0.875,1,8000.0,7000.0,5500.0,5500.0,1500.0,7142.86,6464.29,5150.0,7500.0,5500.0,952.98,1719.5,5500.0,8000.0,0.12,0.0,0.3339,0,0,7,205,30,1,0,1,0,0,-0.37547,-0.926834,-0.5,-0.866025,,,,6500.0,7000.0,9000.0,-0.1875
Tomato (Hybrid)__Vai APMC__Local,2023-07-25,train,Maharashtra,Satara,Vai APMC,Other Maharashtra,Tomato (Hybrid),Local,FAQ,6500.0,3500.0,10000.0,1.0,1,8000.0,8000.0,7500.0,5000.0,1750.0,7000.0,6571.43,5308.33,7000.0,5500.0,963.62,1614.62,5500.0,8000.0,-0.0714,-0.1875,0.3042,0,1,7,206,30,0,0,1,0,0,-0.391358,-0.920239,-0.5,-0.866025,,,,7000.0,7000.0,8500.0,0.0769
Tomato (Hybrid)__Vai APMC__Local,2023-07-26,train,Maharashtra,Satara,Vai APMC,Other Maharashtra,Tomato (Hybrid),Local,FAQ,7000.0,3500.0,10000.0,0.9286,1,6500.0,8000.0,6000.0,6500.0,2750.0,7142.86,6607.14,5450.0,7000.0,5500.0,874.82,1569.77,5500.0,8000.0,-0.02,0.0769,0.288,0,2,7,207,30,0,0,1,0,0,-0.407129,-0.91337,-0.5,-0.866025,,,,7000.0,7000.0,7000.0,0.0
Tomato (Hybrid)__Vai APMC__Local,2023-07-27,train,Maharashtra,Satara,Vai APMC,Other Maharashtra,Tomato (Hybrid),Local,FAQ,7000.0,3500.0,11000.0,1.0714,1,7000.0,8000.0,5500.0,6500.0,3500.0,7357.14,6642.86,5566.67,7000.0,6000.0,580.29,1550.45,6500.0,8000.0,-0.0485,0.0,0.2785,0,3,7,208,30,0,0,1,0,0,-0.422781,-0.906232,-0.5,-0.866025,,,,7000.0,7000.0,7000.0,0.0
Tomato (Hybrid)__Vai APMC__Local,2023-07-28,train,Maharashtra,Satara,Vai APMC,Other Maharashtra,Tomato (Hybrid),Local,FAQ,7000.0,3500.0,10000.0,0.9286,1,7000.0,6500.0,7000.0,6500.0,3750.0,7357.14,6678.57,5675.0,7000.0,6000.0,580.29,1533.17,6500.0,8000.0,-0.0485,0.0,0.2702,0,4,7,209,30,0,0,1,0,0,-0.438307,-0.898825,-0.5,-0.866025,,,,7000.0,9000.0,8000.0,0.0
Tomato (Hybrid)__Vai APMC__Local,2023-07-29,train,Maharashtra,Satara,Vai APMC,Other Maharashtra,Tomato (Hybrid),Local,FAQ,7000.0,4000.0,11000.0,1.0,1,7000.0,7000.0,8000.0,5000.0,3500.0,7214.29,6821.43,5791.67,7000.0,6000.0,524.89,1495.94,6500.0,8000.0,-0.0297,0.0,0.2583,0,5,7,210,30,0,1,1,0,0,-0.453703,-0.891153,-0.5,-0.866025,,,,7000.0,8500.0,8000.0,0.0
Tomato (Hybrid)__Vai APMC__Local,2023-07-30,train,Maharashtra,Satara,Vai APMC,Other Maharashtra,Tomato (Hybrid),Local,FAQ,7000.0,4000.0,10000.0,0.8571,1,7000.0,7000.0,8000.0,5500.0,3500.0,7071.43,6928.57,5908.33,7000.0,6500.0,416.5,1448.39,6500.0,8000.0,-0.0101,0.0,0.2451,0,6,7,211,30,0,0,1,0,0,-0.468965,-0.883217,-0.5,-0.866025,,,,9000.0,7000.0,,0.2857
Tomato (Hybrid)__Vai APMC__Local,2023-08-01,train,Maharashtra,Satara,Vai APMC,Other Maharashtra,Tomato (Hybrid),Local,FAQ,9000.0,3500.0,12000.0,0.9444,2,7000.0,7000.0,8000.0,5500.0,3500.0,7214.29,7178.57,6091.67,7000.0,6500.0,749.15,1479.7,6500.0,9000.0,0.2475,0.2857,0.2429,0,1,8,213,31,0,0,1,0,0,-0.499069,-0.866562,-0.866025,-0.5,,,,8500.0,7000.0,,-0.0556
Tomato (Hybrid)__Vai APMC__Local,2023-08-02,train,Maharashtra,Satara,Vai APMC,Other Maharashtra,Tomato (Hybrid),Local,FAQ,8500.0,3500.0,11000.0,0.8824,1,9000.0,7000.0,6500.0,7500.0,3750.0,7500.0,7250.0,6250.0,7000.0,6500.0,801.78,1474.79,7000.0,9000.0,0.1333,-0.0556,0.236,0,2,8,214,31,0,0,1,0,0,-0.513901,-0.857849,-0.866025,-0.5,,,,7000.0,8000.0,,-0.1765
Tomato (Hybrid)__Vai APMC__Local,2023-08-03,train,Maharashtra,Satara,Vai APMC,Other Maharashtra,Tomato (Hybrid),Local,FAQ,7000.0,3500.0,12000.0,1.2143,1,8500.0,7000.0,7000.0,6000.0,4000.0,7500.0,7321.43,6350.0,7000.0,6500.0,801.78,1419.51,7000.0,9000.0,-0.0667,-0.1765,0.2235,0,3,8,215,31,0,0,1,0,0,-0.528581,-0.848883,-0.866025,-0.5,,,,7000.0,8000.0,,0.0
Tomato (Hybrid)__Vai APMC__Local,2023-08-04,train,Maharashtra,Satara,Vai APMC,Other Maharashtra,Tomato (Hybrid),Local,FAQ,7000.0,4000.0,11000.0,1.0,1,7000.0,9000.0,7000.0,5500.0,2750.0,7500.0,7428.57,6491.67,7000.0,6500.0,801.78,1255.79,7000.0,9000.0,-0.0667,0.0,0.1934,0,4,8,216,31,0,0,1,0,0,-0.543105,-0.839665,-0.866025,-0.5,,,,8000.0,,,0.1429
Tomato (Hybrid)__Vai APMC__Local,2023-08-05,train,Maharashtra,Satara,Vai APMC,Other Maharashtra,Tomato (Hybrid),Local,FAQ,8000.0,4000.0,12000.0,1.0,1,7000.0,8500.0,7000.0,7000.0,2750.0,7642.86,7500.0,6666.67,7000.0,7000.0,788.95,1074.97,7000.0,9000.0,0.0467,0.1429,0.1612,0,5,8,217,31,0,1,1,0,0,-0.557468,-0.830198,-0.866025,-0.5,,,,8000.0,,,0.0
Tomato (Hybrid)__Vai APMC__Local,2023-08-06,train,Maharashtra,Satara,Vai APMC,Other Maharashtra,Tomato (Hybrid),Local,FAQ,8000.0,4000.0,12000.0,1.0,1,8000.0,7000.0,7000.0,8000.0,4500.0,7785.71,7500.0,6783.33,8000.0,7000.0,749.15,1022.12,7000.0,9000.0,0.0275,0.0,0.1507,0,6,8,218,31,0,0,1,0,0,-0.571667,-0.820486,-0.866025,-0.5,,,,,,,
Tomato (Hybrid)__Panvel APMC__Other,2023-07-14,train,Maharashtra,Raigad,Panvel APMC,Other Maharashtra,Tomato (Hybrid),Other,FAQ,8500.0,8000.0,9000.0,0.1176,1,7250.0,14000.0,6500.0,5350.0,1600.0,8357.14,7364.29,5048.33,8000.0,4600.0,2506.62,2746.86,5500.0,14000.0,0.0171,0.1724,0.5441,0,4,7,195,28,0,0,1,0,0,-0.211276,-0.977426,-0.5,-0.866025,,,,7500.0,7500.0,11500.0,-0.1176
Tomato (Hybrid)__Panvel APMC__Other,2023-07-15,train,Maharashtra,Raigad,Panvel APMC,Other Maharashtra,Tomato (Hybrid),Other,FAQ,7500.0,7000.0,8000.0,0.1333,1,8500.0,8500.0,6750.0,5500.0,1900.0,8464.29,7507.14,5235.0,8000.0,5350.0,2451.05,2716.68,5500.0,14000.0,-0.1139,-0.1176,0.5189,0,5,7,196,28,0,1,1,0,0,-0.228058,-0.973648,-0.5,-0.866025,,,,8500.0,8500.0,10500.0,0.1333
Tomato (Hybrid)__Panvel APMC__Other,2023-07-17,train,Maharashtra,Raigad,Panvel APMC,Other Maharashtra,Tomato (Hybrid),Other,FAQ,8500.0,8000.0,9000.0,0.1176,2,7500.0,7250.0,5500.0,4600.0,1900.0,8892.86,7785.71,5455.0,8500.0,5500.0,2137.49,2704.91,7250.0,14000.0,-0.0442,0.1333,0.4959,0,0,7,198,29,1,0,1,0,0,-0.261414,-0.965227,-0.5,-0.866025,,,,7500.0,7500.0,11000.0,-0.1176
Tomato (Hybrid)__Panvel APMC__Other,2023-07-18,train,Maharashtra,Raigad,Panvel APMC,Other Maharashtra,Tomato (Hybrid),Other,FAQ,7500.0,7000.0,8000.0,0.1333,1,8500.0,8500.0,8000.0,5500.0,1700.0,8821.43,7928.57,5648.33,8500.0,5500.0,2174.18,2636.02,7250.0,14000.0,-0.1498,-0.1176,0.4667,0,1,7,199,29,0,0,1,0,0,-0.277979,-0.960587,-0.5,-0.866025,,,,8500.0,11500.0,1100.0,0.1333
Tomato (Hybrid)__Panvel APMC__Other,2023-07-20,train,Maharashtra,Raigad,Panvel APMC,Other Maharashtra,Tomato (Hybrid),Other,FAQ,8500.0,8000.0,9000.0,0.1176,2,7500.0,7500.0,14000.0,7500.0,1900.0,8035.71,8000.0,5868.33,8500.0,5500.0,541.63,2589.0,7250.0,8500.0,0.0578,0.1333,0.4412,0,3,7,201,29,0,0,1,0,0,-0.310857,-0.950457,-0.5,-0.866025,,,,7500.0,11500.0,11500.0,-0.1176
Tomato (Hybrid)__Panvel APMC__Other,2023-07-21,train,Maharashtra,Raigad,Panvel APMC,Other Maharashtra,Tomato (Hybrid),Other,FAQ,7500.0,7000.0,8000.0,0.1333,1,8500.0,8500.0,8500.0,6500.0,3100.0,7892.86,8071.43,6015.0,7500.0,6500.0,532.13,2552.39,7250.0,8500.0,-0.0498,-0.1176,0.4243,0,4,7,202,29,0,0,1,0,0,-0.32716,-0.944969,-0.5,-0.866025,,,,11500.0,10500.0,13000.0,0.5333
Tomato (Hybrid)__Panvel APMC__Other,2023-07-24,train,Maharashtra,Raigad,Panvel APMC,Other Maharashtra,Tomato (Hybrid),Other,FAQ,11500.0,11000.0,12000.0,0.087,3,7500.0,7500.0,7250.0,8500.0,2900.0,8500.0,8285.71,6301.67,8500.0,6500.0,1309.31,2666.82,7500.0,11500.0,0.3529,0.5333,0.4232,0,0,7,205,30,1,0,1,0,0,-0.37547,-0.926834,-0.5,-0.866025,,,,11500.0,11000.0,11000.0,0.0
Tomato (Hybrid)__Panvel APMC__Other,2023-07-25,train,Maharashtra,Raigad,Panvel APMC,Other Maharashtra,Tomato (Hybrid),Other,FAQ,11500.0,11000.0,12000.0,0.087,1,11500.0,8500.0,8500.0,6500.0,2500.0,8928.57,8642.86,6601.67,8500.0,6750.0,1678.19,2727.8,7500.0,11500.0,0.288,0.0,0.4132,0,1,7,206,30,0,0,1,0,0,-0.391358,-0.920239,-0.5,-0.866025,,,,10500.0,1100.0,11500.0,-0.087
Tomato (Hybrid)__Panvel APMC__Other,2023-07-26,train,Maharashtra,Raigad,Panvel APMC,Other Maharashtra,Tomato (Hybrid),Other,FAQ,10500.0,10000.0,11000.0,0.0952,1,11500.0,7500.0,7500.0,6750.0,2100.0,9357.14,8910.71,6881.67,8500.0,7250.0,1641.3,2682.09,7500.0,11500.0,0.1221,-0.087,0.3897,0,2,7,207,30,0,0,1,0,0,-0.407129,-0.91337,-0.5,-0.866025,,,,11000.0,11500.0,10500.0,0.0476
Tomato (Hybrid)__Panvel APMC__Other,2023-07-27,train,Maharashtra,Raigad,Panvel APMC,Other Maharashtra,Tomato (Hybrid),Other,FAQ,11000.0,10000.0,12000.0,0.1818,1,10500.0,11500.0,8500.0,5500.0,2400.0,9714.29,9303.57,7168.33,10500.0,7500.0,1687.29,2647.12,7500.0,11500.0,0.1324,0.0476,0.3693,0,3,7,208,30,0,0,1,0,0,-0.422781,-0.906232,-0.5,-0.866025,,,,1100.0,13000.0,10500.0,-0.9
Tomato (Hybrid)__Panvel APMC__Other,2023-07-28,train,Maharashtra,Raigad,Panvel APMC,Other Maharashtra,Tomato (Hybrid),Other,FAQ,1100.0,1000.0,1200.0,0.1818,1,11000.0,11500.0,7500.0,8000.0,3100.0,8800.0,8810.71,7101.67,10500.0,7500.0,3451.29,2771.03,1100.0,11500.0,-0.875,-0.9,0.3902,0,4,7,209,30,0,0,1,0,0,-0.438307,-0.898825,-0.5,-0.866025,,,,11500.0,11000.0,,9.4545
Tomato (Hybrid)__Panvel APMC__Other,2023-07-30,train,Maharashtra,Raigad,Panvel APMC,Other Maharashtra,Tomato (Hybrid),Other,FAQ,11500.0,11000.0,12000.0,0.087,2,1100.0,10500.0,8500.0,14000.0,3250.0,9228.57,8632.14,7376.67,11000.0,7500.0,3571.6,2784.47,1100.0,11500.0,0.2461,9.4545,0.3775,0,6,7,211,30,0,0,1,0,0,-0.468965,-0.883217,-0.5,-0.866025,,,,13000.0,11500.0,,0.1304
Tomato (Hybrid)__Panvel APMC__Other,2023-07-31,train,Maharashtra,Raigad,Panvel APMC,Other Maharashtra,Tomato (Hybrid),Other,FAQ,13000.0,12000.0,14000.0,0.1538,1,11500.0,11000.0,7500.0,8500.0,3750.0,10014.29,8953.57,7685.0,11500.0,7500.0,3707.3,2876.43,1100.0,13000.0,0.2981,0.1304,0.3743,0,0,7,212,31,1,0,1,0,0,-0.484089,-0.875019,-0.5,-0.866025,,,,11000.0,10500.0,,-0.1538
Tomato (Hybrid)__Panvel APMC__Other,2023-08-01,train,Maharashtra,Raigad,Panvel APMC,Other Maharashtra,Tomato (Hybrid),Other,FAQ,11000.0,10000.0,12000.0,0.1818,1,13000.0,1100.0,11500.0,7250.0,4250.0,9942.86,9221.43,7910.0,11000.0,7500.0,3682.72,2862.91,1100.0,13000.0,0.1063,-0.1538,0.3619,0,1,8,213,31,0,0,1,0,0,-0.499069,-0.866562,-0.866025,-0.5,,,,11500.0,10500.0,,0.0455
Tomato (Hybrid)__Panvel APMC__Other,2023-08-02,train,Maharashtra,Raigad,Panvel APMC,Other Maharashtra,Tomato (Hybrid),Other,FAQ,11500.0,11000.0,12000.0,0.087,1,11000.0,11500.0,11500.0,8500.0,3750.0,9942.86,9435.71,8168.33,11000.0,8000.0,3682.72,2825.29,1100.0,13000.0,0.1566,0.0455,0.3459,0,2,8,214,31,0,0,1,0,0,-0.513901,-0.857849,-0.866025,-0.5,,,,10500.0,,,-0.087
Tomato (Hybrid)__Panvel APMC__Other,2023-08-03,train,Maharashtra,Raigad,Panvel APMC,Other Maharashtra,Tomato (Hybrid),Other,FAQ,10500.0,10000.0,11000.0,0.0952,1,11500.0,13000.0,10500.0,7500.0,4500.0,9942.86,9650.0,8368.33,11000.0,8500.0,3682.72,2770.36,1100.0,13000.0,0.056,-0.087,0.3311,0,3,8,215,31,0,0,1,0,0,-0.528581,-0.848883,-0.866025,-0.5,,,,10500.0,,,0.0
Tomato (Hybrid)__Panvel APMC__Other,2023-08-04,train,Maharashtra,Raigad,Panvel APMC,Other Maharashtra,Tomato (Hybrid),Other,FAQ,10500.0,10000.0,11000.0,0.0952,1,10500.0,11000.0,11000.0,8500.0,5350.0,9871.43,9792.86,8540.0,11000.0,8500.0,3666.34,2737.38,1100.0,13000.0,0.0637,0.0,0.3205,0,4,8,216,31,0,0,1,0,0,-0.543105,-0.839665,-0.866025,-0.5,,,,,,,
Tomato (Hybrid)__Pimpalgaon Baswant APMC__Other,2023-07-18,train,Maharashtra,Nashik,Pimpalgaon Baswant APMC,Benchmark,Tomato (Hybrid),Other,FAQ,7800.0,250.0,8700.0,1.0833,1,5000.0,6875.0,6000.0,3500.0,600.0,5992.86,5346.79,3399.67,5500.0,3250.0,931.08,2133.62,5000.0,7800.0,0.3015,0.56,0.6276,0,1,7,199,29,0,0,1,0,0,-0.277979,-0.960587,-0.5,-0.866025,,,,5300.0,9005.0,11025.0,-0.3205
Tomato (Hybrid)__Pimpalgaon Baswant APMC__Other,2023-07-19,train,Maharashtra,Nashik,Pimpalgaon Baswant APMC,Benchmark,Tomato (Hybrid),Other,FAQ,5300.0,3400.0,6605.0,0.6047,1,7800.0,5500.0,5250.0,3250.0,1100.0,6000.0,5493.21,3539.67,5500.0,3300.0,925.53,2115.85,5000.0,7800.0,-0.1167,-0.3205,0.5978,0,2,7,200,29,0,0,1,0,0,-0.294462,-0.955663,-0.5,-0.866025,,,,7000.0,8025.0,8500.0,0.3208
Tomato (Hybrid)__Pimpalgaon Baswant APMC__Other,2023-07-20,train,Maharashtra,Nashik,Pimpalgaon Baswant APMC,Benchmark,Tomato (Hybrid),Other,FAQ,7000.0,3500.0,9005.0,0.7864,1,5300.0,5000.0,6025.0,5700.0,1100.0,6139.29,5586.07,3736.33,5500.0,3405.0,989.94,2153.81,5000.0,7800.0,0.1402,0.3208,0.5764,0,3,7,201,29,0,0,1,0,0,-0.310857,-0.950457,-0.5,-0.866025,,,,9005.0,7275.0,9500.0,0.2864
Tomato (Hybrid)__Pimpalgaon Baswant APMC__Other,2023-07-21,train,Maharashtra,Nashik,Pimpalgaon Baswant APMC,Benchmark,Tomato (Hybrid),Other,FAQ,9005.0,6525.0,9500.0,0.3304,1,7000.0,7800.0,5500.0,5750.0,900.0,6640.0,5818.57,4006.5,6875.0,3500.0,1357.96,2285.39,5000.0,9005.0,0.3562,0.2864,0.5704,0,4,7,202,29,0,0,1,0,0,-0.32716,-0.944969,-0.5,-0.866025,,,,8025.0,11050.0,9375.0,-0.1088
Tomato (Hybrid)__Pimpalgaon Baswant APMC__Other,2023-07-22,train,Maharashtra,Nashik,Pimpalgaon Baswant APMC,Benchmark,Tomato (Hybrid),Other,FAQ,8025.0,500.0,9505.0,1.1221,1,9005.0,5300.0,6875.0,2500.0,1505.0,6804.29,6213.21,4223.83,7000.0,5000.0,1443.34,2346.38,5000.0,9005.0,0.1794,-0.1088,0.5555,0,5,7,203,29,0,1,1,0,0,-0.343367,-0.939201,-0.5,-0.866025,,,,7275.0,11025.0,10550.0,-0.0935
Tomato (Hybrid)__Pimpalgaon Baswant APMC__Other,2023-07-23,train,Maharashtra,Nashik,Pimpalgaon Baswant APMC,Benchmark,Tomato (Hybrid),Other,FAQ,7275.0,505.0,9500.0,1.2364,1,8025.0,7000.0,5500.0,6300.0,1150.0,7057.86,6282.86,4428.0,7275.0,5250.0,1344.45,2336.49,5000.0,9005.0,0.0308,-0.0935,0.5277,0,6,7,204,29,0,0,1,0,0,-0.359472,-0.933156,-0.5,-0.866025,,,,11050.0,8500.0,10000.0,0.5189
Tomato (Hybrid)__Pimpalgaon Baswant APMC__Other,2023-07-24,train,Maharashtra,Nashik,Pimpalgaon Baswant APMC,Benchmark,Tomato (Hybrid),Other,FAQ,11050.0,575.0,11775.0,1.0136,1,7275.0,9005.0,5000.0,3405.0,2400.0,7922.14,6828.93,4716.33,7800.0,5300.0,1652.98,2588.56,5300.0,11050.0,0.3948,0.5189,0.5488,0,0,7,205,30,1,0,1,0,0,-0.37547,-0.926834,-0.5,-0.866025,,,,11025.0,9500.0,9250.0,-0.0023
Tomato (Hybrid)__Pimpalgaon Baswant APMC__Other,2023-07-25,train,Maharashtra,Nashik,Pimpalgaon Baswant APMC,Benchmark,Tomato (Hybrid),Other,FAQ,11025.0,550.0,12350.0,1.0703,1,11050.0,8025.0,7800.0,6000.0,750.0,8382.86,7187.86,5058.83,8025.0,5500.0,1973.15,2717.64,5300.0,11050.0,0.3152,-0.0023,0.5372,0,1,7,206,30,0,0,1,0,0,-0.391358,-0.920239,-0.5,-0.866025,,,,8500.0,9375.0,13255.0,-0.229
Tomato (Hybrid)__Pimpalgaon Baswant APMC__Other,2023-07-26,train,Maharashtra,Nashik,Pimpalgaon Baswant APMC,Benchmark,Tomato (Hybrid),Other,FAQ,8500.0,500.0,12300.0,1.3882,1,11025.0,7275.0,5300.0,5250.0,1750.0,8840.0,7420.0,5283.83,8500.0,5500.0,1525.98,2713.8,7000.0,11050.0,-0.0385,-0.229,0.5136,0,2,7,207,30,0,0,1,0,0,-0.407129,-0.91337,-0.5,-0.866025,,,,9500.0,10550.0,11000.0,0.1176
Tomato (Hybrid)__Pimpalgaon Baswant APMC__Other,2023-07-27,train,Maharashtra,Nashik,Pimpalgaon Baswant APMC,Benchmark,Tomato (Hybrid),Other,FAQ,9500.0,525.0,10925.0,1.0947,1,8500.0,11050.0,7000.0,6025.0,1150.0,9197.14,7668.21,5562.17,9005.0,5700.0,1334.02,2703.73,7275.0,11050.0,0.0329,0.1176,0.4861,0,3,7,208,30,0,0,1,0,0,-0.422781,-0.906232,-0.5,-0.866025,,,,9375.0,10000.0,11250.0,-0.0132
Tomato (Hybrid)__Pimpalgaon Baswant APMC__Other,2023-07-28,train,Maharashtra,Nashik,Pimpalgaon Baswant APMC,Benchmark,Tomato (Hybrid),Other,FAQ,9375.0,1000.0,11425.0,1.112,1,9500.0,11025.0,9005.0,5500.0,1500.0,9250.0,7945.0,5824.67,9375.0,5750.0,1332.69,2678.77,7275.0,11050.0,0.0135,-0.0132,0.4599,0,4,7,209,30,0,0,1,0,0,-0.438307,-0.898825,-0.5,-0.866025,,,,10550.0,9250.0,9005.0,0.1253
Tomato (Hybrid)__Pimpalgaon Baswant APMC__Other,2023-07-29,train,Maharashtra,Nashik,Pimpalgaon Baswant APMC,Benchmark,Tomato (Hybrid),Other,FAQ,10550.0,500.0,12500.0,1.1374,1,9375.0,8500.0,8025.0,6875.0,1175.0,9610.71,8207.5,6137.17,9500.0,6000.0,1293.45,2664.92,7275.0,11050.0,0.0977,0.1253,0.4342,0,5,7,210,30,0,1,1,0,0,-0.453703,-0.891153,-0.5,-0.866025,,,,10000.0,13255.0,10000.0,-0.0521
Tomato (Hybrid)__Pimpalgaon Baswant APMC__Other,2023-07-30,train,Maharashtra,Nashik,Pimpalgaon Baswant APMC,Benchmark,Tomato (Hybrid),Other,FAQ,10000.0,800.0,13055.0,1.2255,1,10550.0,9500.0,7275.0,5500.0,1605.0,10000.0,8528.93,6417.0,10000.0,6025.0,873.93,2614.61,8500.0,11050.0,0.0,-0.0521,0.4075,0,6,7,211,30,0,0,1,0,0,-0.468965,-0.883217,-0.5,-0.866025,,,,9250.0,11000.0,9505.0,-0.075
Tomato (Hybrid)__Pimpalgaon Baswant APMC__Other,2023-07-31,train,Maharashtra,Nashik,Pimpalgaon Baswant APMC,Benchmark,Tomato (Hybrid),Other,FAQ,9250.0,500.0,12505.0,1.2978,1,10000.0,9375.0,11050.0,5000.0,3300.0,9742.86,8832.5,6615.33,9500.0,6300.0,787.71,2596.26,8500.0,11025.0,-0.0506,-0.075,0.3925,0,0,7,212,31,1,0,1,0,0,-0.484089,-0.875019,-0.5,-0.866025,,,,13255.0,11250.0,,0.433
Tomato (Hybrid)__Pimpalgaon Baswant APMC__Other,2023-08-01,train,Maharashtra,Nashik,Pimpalgaon Baswant APMC,Benchmark,Tomato (Hybrid),Other,FAQ,13255.0,500.0,16755.0,1.2263,1,9250.0,10550.0,11025.0,7800.0,1750.0,10061.43,9222.14,6998.83,9500.0,6875.0,1430.5,2697.02,8500.0,13255.0,0.3174,0.433,0.3854,0,1,8,213,31,0,0,1,0,0,-0.499069,-0.866562,-0.866025,-0.5,,,,11000.0,9005.0,,-0.1701
Tomato (Hybrid)__Pimpalgaon Baswant APMC__Other,2023-08-02,train,Maharashtra,Nashik,Pimpalgaon Baswant APMC,Benchmark,Tomato (Hybrid),Other,FAQ,11000.0,500.0,14000.0,1.2273,1,13255.0,10000.0,8500.0,5300.0,2500.0,10418.57,9629.29,7282.17,10000.0,7000.0,1302.43,2655.68,9250.0,13255.0,0.0558,-0.1701,0.3647,0,2,8,214,31,0,0,1,0,0,-0.513901,-0.857849,-0.866025,-0.5,,,,11250.0,10000.0,,0.0227
Tomato (Hybrid)__Pimpalgaon Baswant APMC__Other,2023-08-03,train,Maharashtra,Nashik,Pimpalgaon Baswant APMC,Benchmark,Tomato (Hybrid),Other,FAQ,11250.0,250.0,14750.0,1.2889,1,11000.0,9250.0,9500.0,7000.0,3500.0,10668.57,9932.86,7540.5,10550.0,7275.0,1269.66,2652.14,9250.0,13255.0,0.0545,0.0227,0.3517,0,3,8,215,31,0,0,1,0,0,-0.528581,-0.848883,-0.866025,-0.5,,,,9005.0,9505.0,,-0.1996
Tomato (Hybrid)__Pimpalgaon Baswant APMC__Other,2023-08-04,train,Maharashtra,Nashik,Pimpalgaon Baswant APMC,Benchmark,Tomato (Hybrid),Other,FAQ,9005.0,500.0,12505.0,1.3331,1,11250.0,13255.0,9375.0,9005.0,3250.0,10615.71,9932.86,7732.33,10550.0,7800.0,1328.74,2540.66,9005.0,13255.0,-0.1517,-0.1996,0.3286,0,4,8,216,31,0,0,1,0,0,-0.543105,-0.839665,-0.866025,-0.5,,,,10000.0,,,0.1105
Tomato (Hybrid)__Pimpalgaon Baswant APMC__Other,2023-08-05,train,Maharashtra,Nashik,Pimpalgaon Baswant APMC,Benchmark,Tomato (Hybrid),Other,FAQ,10000.0,500.0,12500.0,1.2,1,9005.0,11000.0,10550.0,8025.0,5700.0,10537.14,10073.93,7875.67,10000.0,8025.0,1346.44,2543.25,9005.0,13255.0,-0.051,0.1105,0.3229,0,5,8,217,31,0,1,1,0,0,-0.557468,-0.830198,-0.866025,-0.5,,,,9505.0,,,-0.0495
Tomato (Hybrid)__Pimpalgaon Baswant APMC__Other,2023-08-06,train,Maharashtra,Nashik,Pimpalgaon Baswant APMC,Benchmark,Tomato (Hybrid),Other,FAQ,9505.0,500.0,11505.0,1.1578,1,10000.0,11250.0,10000.0,7275.0,5750.0,10466.43,10233.21,8000.83,10000.0,8500.0,1385.24,2527.91,9005.0,13255.0,-0.0919,-0.0495,0.316,0,6,8,218,31,0,0,1,0,0,-0.571667,-0.820486,-0.866025,-0.5,,,,,,,
Tomato (Hybrid)__Phaltan APMC__Other,2023-07-13,train,Maharashtra,Satara,Phaltan APMC,Other Maharashtra,Tomato (Hybrid),Other,FAQ,2812.0,250.0,6500.0,2.2226,1,4359.0,3306.0,4640.0,2667.0,1271.0,3770.43,3384.14,2565.97,4215.0,2619.0,656.51,1007.93,2812.0,4488.0,-0.2542,-0.3549,0.3928,0,3,7,194,28,0,0,1,0,0,-0.194431,-0.980916,-0.5,-0.866025,,,,5459.0,4527.0,4738.0,0.9413
Tomato (Hybrid)__Phaltan APMC__Other,2023-07-14,train,Maharashtra,Satara,Phaltan APMC,Other Maharashtra,Tomato (Hybrid),Other,FAQ,5459.0,2100.0,8399.0,1.1539,1,2812.0,4227.0,4488.0,2798.0,1067.0,3909.14,3574.21,2712.37,4215.0,2645.0,863.44,1094.79,2812.0,5459.0,0.3965,0.9413,0.4036,0,4,7,195,28,0,0,1,0,0,-0.211276,-0.977426,-0.5,-0.866025,,,,5007.0,3885.0,6245.0,-0.0828
Tomato (Hybrid)__Phaltan APMC__Other,2023-07-16,train,Maharashtra,Satara,Phaltan APMC,Other Maharashtra,Tomato (Hybrid),Other,FAQ,5007.0,500.0,9000.0,1.6976,2,5459.0,4359.0,4215.0,2158.0,1258.0,4022.29,3777.71,2837.33,4227.0,2667.0,944.22,1134.88,2812.0,5459.0,0.2448,-0.0828,0.4,0,6,7,197,28,0,0,1,0,0,-0.244772,-0.969581,-0.5,-0.866025,,,,4527.0,4705.0,5492.0,-0.0959
Tomato (Hybrid)__Phaltan APMC__Other,2023-07-18,train,Maharashtra,Satara,Phaltan APMC,Other Maharashtra,Tomato (Hybrid),Other,FAQ,4527.0,1000.0,9000.0,1.7672,2,5007.0,2812.0,2986.0,2645.0,1196.0,4242.43,3912.14,2948.37,4359.0,2700.0,852.09,1131.81,2812.0,5459.0,0.0671,-0.0959,0.3839,0,1,7,199,29,0,0,1,0,0,-0.277979,-0.960587,-0.5,-0.866025,,,,3885.0,4163.0,4900.0,-0.1418
Tomato (Hybrid)__Phaltan APMC__Other,2023-07-19,train,Maharashtra,Satara,Phaltan APMC,Other Maharashtra,Tomato (Hybrid),Other,FAQ,3885.0,500.0,8000.0,1.9305,1,4527.0,5459.0,3306.0,2700.0,1619.0,4325.14,3996.79,3023.9,4359.0,2798.0,782.43,1116.08,2812.0,5459.0,-0.1018,-0.1418,0.3691,0,2,7,200,29,0,0,1,0,0,-0.294462,-0.955663,-0.5,-0.866025,,,,4705.0,4738.0,4236.0,0.2111
Tomato (Hybrid)__Phaltan APMC__Other,2023-07-20,train,Maharashtra,Satara,Phaltan APMC,Other Maharashtra,Tomato (Hybrid),Other,FAQ,4705.0,500.0,8000.0,1.594,1,3885.0,5007.0,4227.0,3023.0,1182.0,4393.43,4116.93,3141.33,4527.0,2812.0,791.69,1101.34,2812.0,5459.0,0.0709,0.2111,0.3506,0,3,7,201,29,0,0,1,0,0,-0.310857,-0.950457,-0.5,-0.866025,,,,4163.0,6245.0,5200.0,-0.1152
Tomato (Hybrid)__Phaltan APMC__Other,2023-07-21,train,Maharashtra,Satara,Phaltan APMC,Other Maharashtra,Tomato (Hybrid),Other,FAQ,4163.0,564.0,9594.0,2.1691,1,4705.0,4527.0,4359.0,3021.0,1533.0,4365.43,4198.5,3229.0,4527.0,2986.0,795.87,1074.17,2812.0,5459.0,-0.0464,-0.1152,0.3327,0,4,7,202,29,0,0,1,0,0,-0.32716,-0.944969,-0.5,-0.866025,,,,4738.0,5492.0,5495.0,0.1381
Tomato (Hybrid)__Phaltan APMC__Other,2023-07-22,train,Maharashtra,Satara,Phaltan APMC,Other Maharashtra,Tomato (Hybrid),Other,FAQ,4738.0,1000.0,10750.0,2.0578,1,4163.0,3885.0,2812.0,4640.0,1806.0,4640.57,4205.5,3326.73,4705.0,3021.0,482.49,1073.64,3885.0,5459.0,0.021,0.1381,0.3227,0,5,7,203,29,0,1,1,0,0,-0.343367,-0.939201,-0.5,-0.866025,,,,6245.0,4900.0,4952.0,0.3181
Tomato (Hybrid)__Phaltan APMC__Other,2023-07-23,train,Maharashtra,Satara,Phaltan APMC,Other Maharashtra,Tomato (Hybrid),Other,FAQ,6245.0,1250.0,10000.0,1.4011,1,4738.0,4705.0,5459.0,4488.0,1856.0,4752.86,4331.0,3473.03,4705.0,3023.0,701.6,1158.91,3885.0,6245.0,0.3139,0.3181,0.3337,0,6,7,204,29,0,0,1,0,0,-0.359472,-0.933156,-0.5,-0.866025,,,,5492.0,4236.0,5200.0,-0.1206
Tomato (Hybrid)__Phaltan APMC__Other,2023-07-25,train,Maharashtra,Satara,Phaltan APMC,Other Maharashtra,Tomato (Hybrid),Other,FAQ,5492.0,1500.0,9500.0,1.4567,2,6245.0,4163.0,5007.0,4215.0,1987.0,4822.14,4422.21,3589.87,4705.0,3306.0,745.83,1179.69,3885.0,6245.0,0.1389,-0.1206,0.3286,0,1,7,206,30,0,0,1,0,0,-0.391358,-0.920239,-0.5,-0.866025,,,,4900.0,5200.0,6330.0,-0.1078
Tomato (Hybrid)__Phaltan APMC__Other,2023-07-26,train,Maharashtra,Satara,Phaltan APMC,Other Maharashtra,Tomato (Hybrid),Other,FAQ,4900.0,300.0,9500.0,1.8776,1,5492.0,4738.0,4527.0,2986.0,2151.0,4875.43,4558.93,3681.5,4738.0,3885.0,736.1,1171.1,3885.0,6245.0,0.005,-0.1078,0.3181,0,2,7,207,30,0,0,1,0,0,-0.407129,-0.91337,-0.5,-0.866025,,,,4236.0,5495.0,4590.0,-0.1355
Tomato (Hybrid)__Phaltan APMC__Other,2023-07-27,train,Maharashtra,Satara,Phaltan APMC,Other Maharashtra,Tomato (Hybrid),Other,FAQ,4236.0,500.0,9125.0,2.0361,1,4900.0,6245.0,3885.0,3306.0,1712.0,4925.57,4625.36,3765.63,4738.0,4163.0,676.47,1115.96,4163.0,6245.0,-0.14,-0.1355,0.2964,0,3,7,208,30,0,0,1,0,0,-0.422781,-0.906232,-0.5,-0.866025,,,,5200.0,4952.0,,0.2276
Tomato (Hybrid)__Phaltan APMC__Other,2023-07-30,train,Maharashtra,Satara,Phaltan APMC,Other Maharashtra,Tomato (Hybrid),Other,FAQ,5200.0,500.0,10000.0,1.8269,3,4236.0,5492.0,4705.0,4227.0,2179.0,4996.29,4694.86,3866.33,4900.0,4215.0,675.58,1104.48,4163.0,6245.0,0.0408,0.2276,0.2857,0,6,7,211,30,0,0,1,0,0,-0.468965,-0.883217,-0.5,-0.866025,,,,5495.0,5200.0,,0.0567
Tomato (Hybrid)__Phaltan APMC__Other,2023-08-01,train,Maharashtra,Satara,Phaltan APMC,Other Maharashtra,Tomato (Hybrid),Other,FAQ,5495.0,750.0,10050.0,1.6924,2,5200.0,4900.0,4163.0,4359.0,2619.0,5186.57,4776.0,3962.2,5200.0,4227.0,597.11,1116.8,4236.0,6245.0,0.0595,0.0567,0.2819,0,1,8,213,31,0,0,1,0,0,-0.499069,-0.866562,-0.866025,-0.5,,,,4952.0,6330.0,,-0.0988
Tomato (Hybrid)__Phaltan APMC__Other,2023-08-02,train,Maharashtra,Satara,Phaltan APMC,Other Maharashtra,Tomato (Hybrid),Other,FAQ,4952.0,1000.0,10000.0,1.8174,1,5495.0,4236.0,4738.0,2812.0,2181.0,5217.14,4928.86,4054.57,5200.0,4236.0,578.55,1079.64,4236.0,6245.0,-0.0508,-0.0988,0.2663,0,2,8,214,31,0,0,1,0,0,-0.513901,-0.857849,-0.866025,-0.5,,,,5200.0,4590.0,,0.0501
Tomato (Hybrid)__Phaltan APMC__Other,2023-08-03,train,Maharashtra,Satara,Phaltan APMC,Other Maharashtra,Tomato (Hybrid),Other,FAQ,5200.0,1000.0,10000.0,1.7308,1,4952.0,5200.0,6245.0,5459.0,2588.0,5067.86,4910.36,4141.63,5200.0,4359.0,401.93,1063.05,4236.0,5495.0,0.0261,0.0501,0.2567,0,3,8,215,31,0,0,1,0,0,-0.528581,-0.848883,-0.866025,-0.5,,,,6330.0,,,0.2173
Tomato (Hybrid)__Phaltan APMC__Other,2023-08-05,train,Maharashtra,Satara,Phaltan APMC,Other Maharashtra,Tomato (Hybrid),Other,FAQ,6330.0,1375.0,10000.0,1.3626,2,5200.0,5495.0,5492.0,5007.0,2667.0,5187.57,5004.86,4263.73,5200.0,4488.0,590.84,1096.5,4236.0,6330.0,0.2202,0.2173,0.2572,0,5,8,217,31,0,1,1,0,0,-0.557468,-0.830198,-0.866025,-0.5,,,,4590.0,,,-0.2749
Tomato (Hybrid)__Phaltan APMC__Other,2023-08-06,train,Maharashtra,Satara,Phaltan APMC,Other Maharashtra,Tomato (Hybrid),Other,FAQ,4590.0,760.0,9305.0,1.8617,1,6330.0,4952.0,4900.0,4527.0,2798.0,5143.29,5009.36,4323.47,5200.0,4527.0,621.55,1063.34,4236.0,6330.0,-0.1076,-0.2749,0.2459,0,6,8,218,31,0,0,1,0,0,-0.571667,-0.820486,-0.866025,-0.5,,,,,,,
Tomato (Hybrid)__Pune APMC (Khadki Sub-yard)__Local,2023-07-08,train,Maharashtra,Pune,Pune APMC (Khadki Sub-yard),Pune Cluster,Tomato (Hybrid),Local,FAQ,4300.0,3100.0,5000.0,0.4419,1,4000.0,4000.0,1700.0,1750.0,1250.0,3171.43,2478.57,1840.0,4000.0,1700.0,1051.14,937.14,1800.0,4300.0,0.3559,0.075,0.5093,0,5,7,189,27,0,1,1,0,0,-0.109446,-0.993993,-0.5,-0.866025,,,,4250.0,4750.0,4500.0,-0.0116
Tomato (Hybrid)__Pune APMC (Khadki Sub-yard)__Local,2023-07-09,train,Maharashtra,Pune,Pune APMC (Khadki Sub-yard),Pune Cluster,Tomato (Hybrid),Local,FAQ,4250.0,3000.0,5500.0,0.5882,1,4300.0,4000.0,2000.0,1850.0,950.0,3492.86,2650.0,1950.0,4000.0,1700.0,985.77,1016.53,1800.0,4300.0,0.2168,-0.0116,0.5213,0,6,7,190,27,0,0,1,0,0,-0.126528,-0.991963,-0.5,-0.866025,,,,4000.0,5000.0,4500.0,-0.0588
Tomato (Hybrid)__Pune APMC (Khadki Sub-yard)__Local,2023-07-10,train,Maharashtra,Pune,Pune APMC (Khadki Sub-yard),Pune Cluster,Tomato (Hybrid),Local,FAQ,4000.0,3500.0,4500.0,0.25,1,4250.0,4000.0,1800.0,1850.0,1000.0,3807.14,2803.57,2050.0,4000.0,1700.0,707.32,1064.58,2100.0,4300.0,0.0507,-0.0588,0.5193,0,0,7,191,28,1,0,1,0,0,-0.143572,-0.98964,-0.5,-0.866025,,,,4750.0,4500.0,4500.0,0.1875
Tomato (Hybrid)__Pune APMC (Khadki Sub-yard)__Local,2023-07-15,train,Maharashtra,Pune,Pune APMC (Khadki Sub-yard),Pune Cluster,Tomato (Hybrid),Local,FAQ,4750.0,3500.0,6000.0,0.5263,5,4000.0,4300.0,2100.0,1700.0,950.0,4185.71,3021.43,2176.67,4000.0,1700.0,260.1,1148.89,4000.0,4750.0,0.1348,0.1875,0.5278,0,5,7,196,28,0,1,1,0,0,-0.228058,-0.973648,-0.5,-0.866025,,,,5000.0,4550.0,4250.0,0.0526
Tomato (Hybrid)__Pune APMC (Khadki Sub-yard)__Local,2023-07-16,train,Maharashtra,Pune,Pune APMC (Khadki Sub-yard),Pune Cluster,Tomato (Hybrid),Local,FAQ,5000.0,4000.0,6000.0,0.4,1,4750.0,4250.0,4000.0,2000.0,1000.0,4328.57,3235.71,2310.0,4250.0,1750.0,370.19,1233.59,4000.0,5000.0,0.1551,0.0526,0.534,0,6,7,197,28,0,0,1,0,0,-0.244772,-0.969581,-0.5,-0.866025,,,,4500.0,4500.0,,-0.1
Tomato (Hybrid)__Pune APMC (Khadki Sub-yard)__Local,2023-07-17,train,Maharashtra,Pune,Pune APMC (Khadki Sub-yard),Pune Cluster,Tomato (Hybrid),Local,FAQ,4500.0,3000.0,6000.0,0.6667,1,5000.0,4000.0,4000.0,1700.0,1050.0,4400.0,3435.71,2425.0,4300.0,1800.0,347.44,1271.01,4000.0,5000.0,0.0227,-0.1,0.5241,0,0,7,198,29,1,0,1,0,0,-0.261414,-0.965227,-0.5,-0.866025,,,,4550.0,4500.0,,0.0111
Tomato (Hybrid)__Pune APMC (Khadki Sub-yard)__Local,2023-07-18,train,Maharashtra,Pune,Pune APMC (Khadki Sub-yard),Pune Cluster,Tomato (Hybrid),Local,FAQ,4550.0,3500.0,6000.0,0.5495,1,4500.0,4750.0,4000.0,1700.0,950.0,4478.57,3639.29,2545.0,4500.0,1850.0,308.06,1295.78,4000.0,5000.0,0.0159,0.0111,0.5091,0,1,7,199,29,0,0,1,0,0,-0.277979,-0.960587,-0.5,-0.866025,,,,4500.0,4500.0,,-0.011
Tomato (Hybrid)__Pune APMC (Khadki Sub-yard)__Local,2023-07-19,train,Maharashtra,Pune,Pune APMC (Khadki Sub-yard),Pune Cluster,Tomato (Hybrid),Local,FAQ,4500.0,3000.0,6000.0,0.6667,1,4550.0,5000.0,4300.0,1700.0,1250.0,4507.14,3839.29,2653.33,4500.0,1850.0,299.32,1318.64,4000.0,5000.0,-0.0016,-0.011,0.497,0,2,7,200,29,0,0,1,0,0,-0.294462,-0.955663,-0.5,-0.866025,,,,4500.0,4250.0,,0.0
Tomato (Hybrid)__Pune APMC (Khadki Sub-yard)__Local,2023-07-20,train,Maharashtra,Pune,Pune APMC (Khadki Sub-yard),Pune Cluster,Tomato (Hybrid),Local,FAQ,4500.0,3000.0,6000.0,0.6667,1,4500.0,4500.0,4250.0,2000.0,1300.0,4542.86,4017.86,2760.0,4500.0,2000.0,280.85,1334.19,4000.0,5000.0,-0.0094,0.0,0.4834,0,3,7,201,29,0,0,1,0,0,-0.310857,-0.950457,-0.5,-0.866025,,,,4500.0,,,0.0
Tomato (Hybrid)__Pune APMC (Khadki Sub-yard)__Local,2023-07-22,train,Maharashtra,Pune,Pune APMC (Khadki Sub-yard),Pune Cluster,Tomato (Hybrid),Local,FAQ,4500.0,3000.0,6000.0,0.6667,2,4500.0,4550.0,4000.0,1800.0,1500.0,4614.29,4210.71,2860.0,4500.0,2000.0,178.71,1348.36,4500.0,5000.0,-0.0248,0.0,0.4715,0,5,7,203,29,0,1,1,0,0,-0.343367,-0.939201,-0.5,-0.866025,,,,4250.0,,,-0.0556
Tomato (Hybrid)__Pune APMC (Khadki Sub-yard)__Local,2023-08-03,train,Maharashtra,Pune,Pune APMC (Khadki Sub-yard),Pune Cluster,Tomato (Hybrid),Local,FAQ,4250.0,2500.0,6000.0,0.8235,12,4500.0,4500.0,4750.0,2100.0,1500.0,4542.86,4364.29,2951.67,4500.0,2100.0,207.76,1346.26,4250.0,5000.0,-0.0645,-0.0556,0.4561,0,3,8,215,31,0,0,1,0,0,-0.528581,-0.848883,-0.866025,-0.5,,,,,,,
Tomato (Hybrid)__Sangamner APMC__Other,2023-07-10,train,Maharashtra,Ahmednagar,Sangamner APMC,Other Maharashtra,Tomato (Hybrid),Other,FAQ,5500.0,1000.0,10000.0,1.6364,1,5500.0,4500.0,4250.0,3000.0,1062.0,5210.71,4280.36,2956.6,5500.0,2625.0,832.58,1636.78,4225.0,6500.0,0.0555,0.0,0.5536,0,0,7,191,28,1,0,1,0,0,-0.143572,-0.98964,-0.5,-0.866025,,,,8250.0,1350.0,7750.0,0.5
Tomato (Hybrid)__Sangamner APMC__Other,2023-07-11,train,Maharashtra,Ahmednagar,Sangamner APMC,Other Maharashtra,Tomato (Hybrid),Other,FAQ,8250.0,3500.0,13000.0,1.1515,1,5500.0,6500.0,4250.0,3250.0,1062.0,5782.14,4637.5,3196.2,5500.0,3000.0,1246.76,1853.64,4225.0,8250.0,0.4268,0.5,0.58,0,1,7,192,28,0,0,1,0,0,-0.160575,-0.987024,-0.5,-0.866025,,,,6750.0,6500.0,6000.0,-0.1818
Tomato (Hybrid)__Sangamner APMC__Other,2023-07-12,train,Maharashtra,Ahmednagar,Sangamner APMC,Other Maharashtra,Tomato (Hybrid),Other,FAQ,6750.0,2500.0,11000.0,1.2593,1,8250.0,5500.0,4225.0,3500.0,875.0,6142.86,4869.64,3392.03,6000.0,3250.0,1100.79,1907.62,4500.0,8250.0,0.0988,-0.1818,0.5624,0,2,7,193,28,0,0,1,0,0,-0.177529,-0.984116,-0.5,-0.866025,,,,1350.0,6750.0,5500.0,-0.8
Tomato (Hybrid)__Sangamner APMC__Other,2023-07-14,train,Maharashtra,Ahmednagar,Sangamner APMC,Other Maharashtra,Tomato (Hybrid),Other,FAQ,1350.0,600.0,2100.0,1.1111,2,6750.0,5500.0,6000.0,700.0,937.0,5478.57,4916.07,3405.8,5500.0,3250.0,2012.26,1891.27,1350.0,8250.0,-0.7536,-0.8,0.5553,0,4,7,195,28,0,0,1,0,0,-0.211276,-0.977426,-0.5,-0.866025,,,,6500.0,6250.0,6500.0,3.8148
Tomato (Hybrid)__Sangamner APMC__Other,2023-07-15,train,Maharashtra,Ahmednagar,Sangamner APMC,Other Maharashtra,Tomato (Hybrid),Other,FAQ,6500.0,3000.0,10000.0,1.0769,1,1350.0,8250.0,4500.0,3750.0,1125.0,5764.29,5112.5,3584.97,6500.0,3500.0,1994.94,1921.08,1350.0,8250.0,0.1276,3.8148,0.5359,0,5,7,196,28,0,1,1,0,0,-0.228058,-0.973648,-0.5,-0.866025,,,,6750.0,7750.0,6500.0,0.0385
Tomato (Hybrid)__Sangamner APMC__Other,2023-07-16,train,Maharashtra,Ahmednagar,Sangamner APMC,Other Maharashtra,Tomato (Hybrid),Other,FAQ,6750.0,3000.0,10500.0,1.1111,1,6500.0,6750.0,6500.0,3750.0,1125.0,5800.0,5326.79,3772.47,6500.0,3750.0,2009.98,1946.17,1350.0,8250.0,0.1638,0.0385,0.5159,0,6,7,197,28,0,0,1,0,0,-0.244772,-0.969581,-0.5,-0.866025,,,,6250.0,6000.0,1500.0,-0.0741
Tomato (Hybrid)__Sangamner APMC__Other,2023-07-18,train,Maharashtra,Ahmednagar,Sangamner APMC,Other Maharashtra,Tomato (Hybrid),Other,FAQ,6250.0,2500.0,10000.0,1.2,2,6750.0,1350.0,5500.0,4250.0,2125.0,5907.14,5469.64,3909.97,6500.0,3750.0,2011.12,1970.49,1350.0,8250.0,0.058,-0.0741,0.504,0,1,7,199,29,0,0,1,0,0,-0.277979,-0.960587,-0.5,-0.866025,,,,7750.0,5500.0,7750.0,0.24
Tomato (Hybrid)__Sangamner APMC__Other,2023-07-19,train,Maharashtra,Ahmednagar,Sangamner APMC,Other Maharashtra,Tomato (Hybrid),Other,FAQ,7750.0,1000.0,10500.0,1.2258,1,6250.0,6500.0,5500.0,4250.0,1875.0,6228.57,5719.64,4105.8,6750.0,4225.0,2098.27,2048.89,1350.0,8250.0,0.2443,0.24,0.499,0,2,7,200,29,0,0,1,0,0,-0.294462,-0.955663,-0.5,-0.866025,,,,6000.0,6500.0,7250.0,-0.2258
Tomato (Hybrid)__Sangamner APMC__Other,2023-07-20,train,Maharashtra,Ahmednagar,Sangamner APMC,Other Maharashtra,Tomato (Hybrid),Other,FAQ,6000.0,2000.0,10000.0,1.3333,1,7750.0,6750.0,8250.0,4250.0,1750.0,5907.14,5844.64,4247.47,6500.0,4250.0,1929.55,2027.93,1350.0,7750.0,0.0157,-0.2258,0.4774,0,3,7,201,29,0,0,1,0,0,-0.310857,-0.950457,-0.5,-0.866025,,,,5500.0,6500.0,7500.0,-0.0833
Tomato (Hybrid)__Sangamner APMC__Other,2023-07-21,train,Maharashtra,Ahmednagar,Sangamner APMC,Other Maharashtra,Tomato (Hybrid),Other,FAQ,5500.0,2000.0,9000.0,1.2727,1,6000.0,6250.0,6750.0,4225.0,650.0,5728.57,5935.71,4409.13,6250.0,4250.0,1900.91,1925.43,1350.0,7750.0,-0.0399,-0.0833,0.4367,0,4,7,202,29,0,0,1,0,0,-0.32716,-0.944969,-0.5,-0.866025,,,,6500.0,1500.0,7500.0,0.1818
Tomato (Hybrid)__Sangamner APMC__Other,2023-07-22,train,Maharashtra,Ahmednagar,Sangamner APMC,Other Maharashtra,Tomato (Hybrid),Other,FAQ,6500.0,2500.0,10500.0,1.2308,1,5500.0,7750.0,1350.0,6000.0,1750.0,6464.29,5971.43,4567.47,6500.0,4250.0,646.81,1895.32,5500.0,7750.0,0.0055,0.1818,0.415,0,5,7,203,29,0,1,1,0,0,-0.343367,-0.939201,-0.5,-0.866025,,,,6500.0,7750.0,7500.0,0.0
Tomato (Hybrid)__Sangamner APMC__Other,2023-07-23,train,Maharashtra,Ahmednagar,Sangamner APMC,Other Maharashtra,Tomato (Hybrid),Other,FAQ,6500.0,2000.0,11000.0,1.3846,1,6500.0,6000.0,6500.0,4500.0,2437.0,6464.29,6114.29,4702.9,6500.0,4500.0,646.81,1883.37,5500.0,7750.0,0.0055,0.0,0.4005,0,6,7,204,29,0,0,1,0,0,-0.359472,-0.933156,-0.5,-0.866025,,,,1500.0,7250.0,7500.0,-0.7692
Tomato (Hybrid)__Sangamner APMC__Other,2023-07-24,train,Maharashtra,Ahmednagar,Sangamner APMC,Other Maharashtra,Tomato (Hybrid),Other,FAQ,1500.0,800.0,2200.0,0.9333,1,6500.0,5500.0,6750.0,6500.0,2437.0,5714.29,5757.14,4671.67,6250.0,4500.0,1834.34,1927.93,1500.0,7750.0,-0.7375,-0.7692,0.4127,0,0,7,205,30,1,0,1,0,0,-0.37547,-0.926834,-0.5,-0.866025,,,,7750.0,7500.0,8250.0,4.1667
Tomato (Hybrid)__Sangamner APMC__Other,2023-07-25,train,Maharashtra,Ahmednagar,Sangamner APMC,Other Maharashtra,Tomato (Hybrid),Other,FAQ,7750.0,3500.0,12000.0,1.0968,1,1500.0,6500.0,6250.0,5500.0,2500.0,5928.57,5917.86,4846.67,6500.0,5500.0,1967.21,1960.85,1500.0,7750.0,0.3072,4.1667,0.4046,0,1,7,206,30,0,0,1,0,0,-0.391358,-0.920239,-0.5,-0.866025,,,,7250.0,7500.0,9750.0,-0.0645
Tomato (Hybrid)__Sangamner APMC__Other,2023-07-26,train,Maharashtra,Ahmednagar,Sangamner APMC,Other Maharashtra,Tomato (Hybrid),Other,FAQ,7250.0,3500.0,11000.0,1.0345,1,7750.0,6500.0,7750.0,5500.0,2500.0,5857.14,6042.86,5005.0,6500.0,5500.0,1907.96,1956.74,1500.0,7750.0,0.2378,-0.0645,0.391,0,2,7,207,30,0,0,1,0,0,-0.407129,-0.91337,-0.5,-0.866025,,,,7500.0,7500.0,8500.0,0.0345
Tomato (Hybrid)__Sangamner APMC__Other,2023-07-27,train,Maharashtra,Ahmednagar,Sangamner APMC,Other Maharashtra,Tomato (Hybrid),Other,FAQ,7500.0,3500.0,11500.0,1.0667,1,7250.0,1500.0,6000.0,8250.0,2625.0,6071.43,5989.29,5167.5,6500.0,5500.0,1994.25,1954.77,1500.0,7750.0,0.2353,0.0345,0.3783,0,3,7,208,30,0,0,1,0,0,-0.422781,-0.906232,-0.5,-0.866025,,,,7500.0,7500.0,8750.0,0.0
Tomato (Hybrid)__Sangamner APMC__Other,2023-07-28,train,Maharashtra,Ahmednagar,Sangamner APMC,Other Maharashtra,Tomato (Hybrid),Other,FAQ,7500.0,3500.0,11500.0,1.0667,1,7500.0,7750.0,5500.0,6750.0,3000.0,6357.14,6042.86,5317.5,7250.0,6000.0,2034.77,1955.35,1500.0,7750.0,0.1798,0.0,0.3677,0,4,7,209,30,0,0,1,0,0,-0.438307,-0.898825,-0.5,-0.866025,,,,7500.0,8250.0,7750.0,0.0
Tomato (Hybrid)__Sangamner APMC__Other,2023-07-29,train,Maharashtra,Ahmednagar,Sangamner APMC,Other Maharashtra,Tomato (Hybrid),Other,FAQ,7500.0,3500.0,11500.0,1.0667,1,7500.0,7250.0,6500.0,1350.0,3250.0,6500.0,6482.14,5459.17,7500.0,6000.0,2074.51,1954.38,1500.0,7750.0,0.1538,0.0,0.358,0,5,7,210,30,0,1,1,0,0,-0.453703,-0.891153,-0.5,-0.866025,,,,7500.0,9750.0,7750.0,0.0
Tomato (Hybrid)__Sangamner APMC__Other,2023-07-30,train,Maharashtra,Ahmednagar,Sangamner APMC,Other Maharashtra,Tomato (Hybrid),Other,FAQ,7500.0,3500.0,11500.0,1.0667,1,7500.0,7500.0,6500.0,6500.0,3500.0,6642.86,6553.57,5592.5,7500.0,6250.0,2103.81,1952.62,1500.0,7750.0,0.129,0.0,0.3491,0,6,7,211,30,0,0,1,0,0,-0.468965,-0.883217,-0.5,-0.866025,,,,8250.0,8500.0,8750.0,0.1
Tomato (Hybrid)__Sangamner APMC__Other,2023-07-31,train,Maharashtra,Ahmednagar,Sangamner APMC,Other Maharashtra,Tomato (Hybrid),Other,FAQ,8250.0,4000.0,12500.0,1.0303,1,7500.0,7500.0,1500.0,6750.0,700.0,7607.14,6660.71,5844.17,7500.0,6500.0,294.51,1785.19,7250.0,8250.0,0.0845,0.1,0.3055,0,0,7,212,31,1,0,1,0,0,-0.484089,-0.875019,-0.5,-0.866025,,,,9750.0,8750.0,,0.1818
Tomato (Hybrid)__Sangamner APMC__Other,2023-08-01,train,Maharashtra,Ahmednagar,Sangamner APMC,Other Maharashtra,Tomato (Hybrid),Other,FAQ,9750.0,5000.0,14500.0,0.9744,1,8250.0,7500.0,7750.0,6250.0,3750.0,7892.86,6910.71,6044.17,7500.0,6500.0,811.27,1873.3,7250.0,9750.0,0.2353,0.1818,0.3099,0,1,8,213,31,0,0,1,0,0,-0.499069,-0.866562,-0.866025,-0.5,,,,8500.0,7750.0,,-0.1282
Tomato (Hybrid)__Sangamner APMC__Other,2023-08-02,train,Maharashtra,Ahmednagar,Sangamner APMC,Other Maharashtra,Tomato (Hybrid),Other,FAQ,8500.0,4500.0,12500.0,0.9412,1,9750.0,7500.0,7250.0,7750.0,3750.0,8071.43,6964.29,6202.5,7500.0,6500.0,787.34,1873.44,7500.0,9750.0,0.0531,-0.1282,0.302,0,2,8,214,31,0,0,1,0,0,-0.513901,-0.857849,-0.866025,-0.5,,,,8750.0,7750.0,,0.0294
Tomato (Hybrid)__Sangamner APMC__Other,2023-08-03,train,Maharashtra,Ahmednagar,Sangamner APMC,Other Maharashtra,Tomato (Hybrid),Other,FAQ,8750.0,5000.0,12500.0,0.8571,1,8500.0,8250.0,7500.0,6000.0,4250.0,8250.0,7160.71,6352.5,8250.0,6500.0,779.19,1891.17,7500.0,9750.0,0.0606,0.0294,0.2977,0,3,8,215,31,0,0,1,0,0,-0.528581,-0.848883,-0.866025,-0.5,,,,7750.0,8750.0,,-0.1143
Tomato (Hybrid)__Sangamner APMC__Other,2023-08-04,train,Maharashtra,Ahmednagar,Sangamner APMC,Other Maharashtra,Tomato (Hybrid),Other,FAQ,7750.0,5000.0,10500.0,0.7097,1,8750.0,9750.0,7500.0,5500.0,4250.0,8285.71,7321.43,6469.17,8250.0,6750.0,749.15,1865.65,7500.0,9750.0,-0.0647,-0.1143,0.2884,0,4,8,216,31,0,0,1,0,0,-0.543105,-0.839665,-0.866025,-0.5,,,,7750.0,,,0.0
Tomato (Hybrid)__Sangamner APMC__Other,2023-08-05,train,Maharashtra,Ahmednagar,Sangamner APMC,Other Maharashtra,Tomato (Hybrid),Other,FAQ,7750.0,5000.0,10500.0,0.7097,1,7750.0,8500.0,7500.0,6500.0,4250.0,8321.43,7410.71,6585.83,8250.0,6750.0,716.07,1832.37,7500.0,9750.0,-0.0687,0.0,0.2782,0,5,8,217,31,0,1,1,0,0,-0.557468,-0.830198,-0.866025,-0.5,,,,8750.0,,,0.129
Tomato (Hybrid)__Sangamner APMC__Other,2023-08-06,train,Maharashtra,Ahmednagar,Sangamner APMC,Other Maharashtra,Tomato (Hybrid),Other,FAQ,8750.0,5000.0,12500.0,0.8571,1,7750.0,8750.0,7500.0,6500.0,4225.0,8500.0,7571.43,6736.67,8500.0,7250.0,640.87,1818.01,7750.0,9750.0,0.0294,0.129,0.2699,0,6,8,218,31,0,0,1,0,0,-0.571667,-0.820486,-0.866025,-0.5,,,,,,,
Tomato (Hybrid)__Mumbai APMC__Other,2023-07-12,train,Maharashtra,Mumbai,Mumbai APMC,Other Maharashtra,Tomato (Hybrid),Other,FAQ,8000.0,7000.0,9000.0,0.25,1,9000.0,7400.0,7500.0,3700.0,1300.0,7928.57,6435.71,4295.0,7800.0,3700.0,486.13,2408.85,7400.0,9000.0,0.009,-0.1111,0.5608,0,2,7,193,28,0,0,1,0,0,-0.177529,-0.984116,-0.5,-0.866025,,,,7800.0,8500.0,8500.0,-0.025
Tomato (Hybrid)__Mumbai APMC__Other,2023-07-13,train,Maharashtra,Mumbai,Mumbai APMC,Other Maharashtra,Tomato (Hybrid),Other,FAQ,7800.0,7000.0,8500.0,0.1923,1,8000.0,8000.0,7800.0,3600.0,1200.0,7928.57,6735.71,4515.0,7800.0,3750.0,486.13,2417.51,7400.0,9000.0,-0.0162,-0.025,0.5354,0,3,7,194,28,0,0,1,0,0,-0.194431,-0.980916,-0.5,-0.866025,,,,6500.0,8500.0,9500.0,-0.1667
Tomato (Hybrid)__Mumbai APMC__Other,2023-07-14,train,Maharashtra,Mumbai,Mumbai APMC,Other Maharashtra,Tomato (Hybrid),Other,FAQ,6500.0,6000.0,7000.0,0.1538,1,7800.0,9000.0,7800.0,4000.0,1300.0,7742.86,6914.29,4688.33,7800.0,4000.0,700.73,2366.67,6500.0,9000.0,-0.1605,-0.1667,0.5048,0,4,7,195,28,0,0,1,0,0,-0.211276,-0.977426,-0.5,-0.866025,,,,8500.0,8500.0,9500.0,0.3077
Tomato (Hybrid)__Mumbai APMC__Other,2023-07-15,train,Maharashtra,Mumbai,Mumbai APMC,Other Maharashtra,Tomato (Hybrid),Other,FAQ,8500.0,8000.0,9000.0,0.1176,1,6500.0,8000.0,7500.0,4200.0,1300.0,7885.71,7221.43,4928.33,8000.0,4200.0,737.62,2375.94,6500.0,9000.0,0.0779,0.3077,0.4821,0,5,7,196,28,0,1,1,0,0,-0.228058,-0.973648,-0.5,-0.866025,,,,8500.0,9500.0,9500.0,0.0
Tomato (Hybrid)__Mumbai APMC__Other,2023-07-17,train,Maharashtra,Mumbai,Mumbai APMC,Other Maharashtra,Tomato (Hybrid),Other,FAQ,8500.0,8000.0,9000.0,0.1176,2,8500.0,7800.0,7400.0,5200.0,1400.0,8042.86,7457.14,5165.0,8000.0,4600.0,734.57,2366.3,6500.0,9000.0,0.0568,0.0,0.4581,0,0,7,198,29,1,0,1,0,0,-0.261414,-0.965227,-0.5,-0.866025,,,,8500.0,8500.0,9500.0,0.0
Tomato (Hybrid)__Mumbai APMC__Other,2023-07-18,train,Maharashtra,Mumbai,Mumbai APMC,Other Maharashtra,Tomato (Hybrid),Other,FAQ,8500.0,8000.0,9000.0,0.1176,1,8500.0,6500.0,8000.0,4600.0,2850.0,8114.29,7735.71,5353.33,8500.0,5200.0,751.05,2399.16,6500.0,9000.0,0.0475,0.0,0.4482,0,1,7,199,29,0,0,1,0,0,-0.277979,-0.960587,-0.5,-0.866025,,,,9500.0,9500.0,9500.0,0.1176
Tomato (Hybrid)__Mumbai APMC__Other,2023-07-20,train,Maharashtra,Mumbai,Mumbai APMC,Other Maharashtra,Tomato (Hybrid),Other,FAQ,9500.0,9000.0,10000.0,0.1053,2,8500.0,8500.0,9000.0,5500.0,2850.0,8185.71,8021.43,5575.0,8500.0,5500.0,849.25,2463.97,6500.0,9500.0,0.1606,0.1176,0.442,0,3,7,201,29,0,0,1,0,0,-0.310857,-0.950457,-0.5,-0.866025,,,,8500.0,9500.0,9500.0,-0.1053
Tomato (Hybrid)__Mumbai APMC__Other,2023-07-21,train,Maharashtra,Mumbai,Mumbai APMC,Other Maharashtra,Tomato (Hybrid),Other,FAQ,8500.0,8000.0,9000.0,0.1176,1,9500.0,8500.0,8000.0,7500.0,2100.0,8257.14,8092.86,5788.33,8500.0,6500.0,851.65,2430.7,6500.0,9500.0,0.0294,-0.1053,0.4199,0,4,7,202,29,0,0,1,0,0,-0.32716,-0.944969,-0.5,-0.866025,,,,9500.0,9500.0,9500.0,0.1176
Tomato (Hybrid)__Mumbai APMC__Other,2023-07-22,train,Maharashtra,Mumbai,Mumbai APMC,Other Maharashtra,Tomato (Hybrid),Other,FAQ,9500.0,9000.0,10000.0,0.1053,1,8500.0,8500.0,7800.0,7800.0,2100.0,8500.0,8214.29,6035.0,8500.0,7400.0,925.82,2419.34,6500.0,9500.0,0.1176,0.1176,0.4009,0,5,7,203,29,0,1,1,0,0,-0.343367,-0.939201,-0.5,-0.866025,,,,9500.0,9500.0,9500.0,0.0
Tomato (Hybrid)__Mumbai APMC__Other,2023-07-24,train,Maharashtra,Mumbai,Mumbai APMC,Other Maharashtra,Tomato (Hybrid),Other,FAQ,9500.0,9000.0,10000.0,0.1053,2,9500.0,9500.0,6500.0,7800.0,2500.0,8928.57,8335.71,6268.33,8500.0,7500.0,494.87,2404.67,8500.0,9500.0,0.064,0.0,0.3836,0,0,7,205,30,1,0,1,0,0,-0.37547,-0.926834,-0.5,-0.866025,,,,9500.0,9500.0,9500.0,0.0
Tomato (Hybrid)__Mumbai APMC__Other,2023-07-25,train,Maharashtra,Mumbai,Mumbai APMC,Other Maharashtra,Tomato (Hybrid),Other,FAQ,9500.0,9000.0,10000.0,0.1053,1,9500.0,8500.0,8500.0,7500.0,2200.0,9071.43,8478.57,6511.67,9500.0,7500.0,494.87,2349.39,8500.0,9500.0,0.0472,0.0,0.3608,0,1,7,206,30,0,0,1,0,0,-0.391358,-0.920239,-0.5,-0.866025,,,,9500.0,9500.0,9500.0,0.0
Tomato (Hybrid)__Mumbai APMC__Other,2023-07-26,train,Maharashtra,Mumbai,Mumbai APMC,Other Maharashtra,Tomato (Hybrid),Other,FAQ,9500.0,9000.0,10000.0,0.1053,1,9500.0,9500.0,8500.0,7400.0,2400.0,9214.29,8628.57,6748.33,9500.0,7800.0,451.75,2279.86,8500.0,9500.0,0.031,0.0,0.3378,0,2,7,207,30,0,0,1,0,0,-0.407129,-0.91337,-0.5,-0.866025,,,,9500.0,9500.0,9500.0,0.0
Tomato (Hybrid)__Mumbai APMC__Other,2023-07-27,train,Maharashtra,Mumbai,Mumbai APMC,Other Maharashtra,Tomato (Hybrid),Other,FAQ,9500.0,9000.0,10000.0,0.1053,1,9500.0,9500.0,8500.0,8000.0,2500.0,9357.14,8735.71,6981.67,9500.0,7800.0,349.93,2189.54,8500.0,9500.0,0.0153,0.0,0.3136,0,3,7,208,30,0,0,1,0,0,-0.422781,-0.906232,-0.5,-0.866025,,,,9500.0,9500.0,9500.0,0.0
Tomato (Hybrid)__Mumbai APMC__Other,2023-07-28,train,Maharashtra,Mumbai,Mumbai APMC,Other Maharashtra,Tomato (Hybrid),Other,FAQ,9500.0,9000.0,10000.0,0.1053,1,9500.0,9500.0,9500.0,9000.0,3200.0,9357.14,8771.43,7191.67,9500.0,7800.0,349.93,2117.71,8500.0,9500.0,0.0153,0.0,0.2945,0,4,7,209,30,0,0,1,0,0,-0.438307,-0.898825,-0.5,-0.866025,,,,9500.0,9500.0,9500.0,0.0
Tomato (Hybrid)__Mumbai APMC__Other,2023-07-29,train,Maharashtra,Mumbai,Mumbai APMC,Other Maharashtra,Tomato (Hybrid),Other,FAQ,9500.0,9000.0,10000.0,0.1053,1,9500.0,9500.0,8500.0,8000.0,3400.0,9500.0,8878.57,7395.0,9500.0,8000.0,0.0,2035.12,9500.0,9500.0,0.0,0.0,0.2752,0,5,7,210,30,0,1,1,0,0,-0.453703,-0.891153,-0.5,-0.866025,,,,9500.0,9500.0,,0.0
Tomato (Hybrid)__Mumbai APMC__Other,2023-07-31,train,Maharashtra,Mumbai,Mumbai APMC,Other Maharashtra,Tomato (Hybrid),Other,FAQ,9500.0,9000.0,10000.0,0.1053,2,9500.0,9500.0,9500.0,7800.0,3750.0,9500.0,9000.0,7586.67,9500.0,8000.0,0.0,1951.88,9500.0,9500.0,0.0,0.0,0.2573,0,0,7,212,31,1,0,1,0,0,-0.484089,-0.875019,-0.5,-0.866025,,,,9500.0,9500.0,,0.0
Tomato (Hybrid)__Mumbai APMC__Other,2023-08-01,train,Maharashtra,Mumbai,Mumbai APMC,Other Maharashtra,Tomato (Hybrid),Other,FAQ,9500.0,9000.0,10000.0,0.1053,1,9500.0,9500.0,9500.0,6500.0,3700.0,9500.0,9214.29,7780.0,9500.0,8500.0,0.0,1841.45,9500.0,9500.0,0.0,0.0,0.2367,0,1,8,213,31,0,0,1,0,0,-0.499069,-0.866562,-0.866025,-0.5,,,,9500.0,9500.0,,0.0
Tomato (Hybrid)__Mumbai APMC__Other,2023-08-02,train,Maharashtra,Mumbai,Mumbai APMC,Other Maharashtra,Tomato (Hybrid),Other,FAQ,9500.0,9000.0,10000.0,0.1053,1,9500.0,9500.0,9500.0,8500.0,3600.0,9500.0,9285.71,7976.67,9500.0,8500.0,0.0,1693.65,9500.0,9500.0,0.0,0.0,0.2123,0,2,8,214,31,0,0,1,0,0,-0.513901,-0.857849,-0.866025,-0.5,,,,9500.0,9500.0,,0.0
Tomato (Hybrid)__Mumbai APMC__Other,2023-08-03,train,Maharashtra,Mumbai,Mumbai APMC,Other Maharashtra,Tomato (Hybrid),Other,FAQ,9500.0,9000.0,10000.0,0.1053,1,9500.0,9500.0,9500.0,8500.0,4000.0,9500.0,9357.14,8160.0,9500.0,8500.0,0.0,1544.37,9500.0,9500.0,0.0,0.0,0.1893,0,3,8,215,31,0,0,1,0,0,-0.528581,-0.848883,-0.866025,-0.5,,,,9500.0,,,0.0
Tomato (Hybrid)__Mumbai APMC__Other,2023-08-04,train,Maharashtra,Mumbai,Mumbai APMC,Other Maharashtra,Tomato (Hybrid),Other,FAQ,9500.0,9000.0,10000.0,0.1053,1,9500.0,9500.0,9500.0,8500.0,4200.0,9500.0,9428.57,8336.67,9500.0,8500.0,0.0,1375.13,9500.0,9500.0,0.0,0.0,0.1649,0,4,8,216,31,0,0,1,0,0,-0.543105,-0.839665,-0.866025,-0.5,,,,9500.0,,,0.0
Tomato (Hybrid)__Mumbai APMC__Other,2023-08-05,train,Maharashtra,Mumbai,Mumbai APMC,Other Maharashtra,Tomato (Hybrid),Other,FAQ,9500.0,9000.0,10000.0,0.1053,1,9500.0,9500.0,9500.0,9500.0,5200.0,9500.0,9428.57,8480.0,9500.0,9000.0,0.0,1260.0,9500.0,9500.0,0.0,0.0,0.1486,0,5,8,217,31,0,1,1,0,0,-0.557468,-0.830198,-0.866025,-0.5,,,,,,,
Tomato (Hybrid)__Satara APMC__Other,2023-07-15,train,Maharashtra,Satara,Satara APMC,Other Maharashtra,Tomato (Hybrid),Other,FAQ,5500.0,5000.0,6000.0,0.1818,2,5500.0,7000.0,5750.0,3500.0,1100.0,6000.0,5196.43,3590.0,6000.0,3500.0,462.91,1780.51,5500.0,7000.0,-0.0833,0.0,0.496,0,5,7,196,28,0,1,1,0,0,-0.228058,-0.973648,-0.5,-0.866025,,,,6000.0,6000.0,6500.0,0.0909
Tomato (Hybrid)__Satara APMC__Other,2023-07-16,train,Maharashtra,Satara,Satara APMC,Other Maharashtra,Tomato (Hybrid),Other,FAQ,6000.0,5000.0,7000.0,0.3333,1,5500.0,6000.0,6000.0,3500.0,1150.0,6000.0,5375.0,3751.67,6000.0,3500.0,462.91,1771.79,5500.0,7000.0,0.0,0.0909,0.4723,0,6,7,197,28,0,0,1,0,0,-0.244772,-0.969581,-0.5,-0.866025,,,,6000.0,6000.0,6500.0,0.0
Tomato (Hybrid)__Satara APMC__Other,2023-07-17,train,Maharashtra,Satara,Satara APMC,Other Maharashtra,Tomato (Hybrid),Other,FAQ,6000.0,5000.0,7000.0,0.3333,1,6000.0,5500.0,6000.0,3750.0,1000.0,6000.0,5535.71,3918.33,6000.0,3750.0,462.91,1739.99,5500.0,7000.0,0.0,0.0,0.4441,0,0,7,198,29,1,0,1,0,0,-0.261414,-0.965227,-0.5,-0.866025,,,,6000.0,6000.0,6500.0,0.0
Tomato (Hybrid)__Satara APMC__Other,2023-07-18,train,Maharashtra,Satara,Satara APMC,Other Maharashtra,Tomato (Hybrid),Other,FAQ,6000.0,5000.0,7000.0,0.3333,1,6000.0,5500.0,6000.0,3500.0,1750.0,6000.0,5714.29,4060.0,6000.0,3750.0,462.91,1730.67,5500.0,7000.0,0.0,0.0,0.4263,0,1,7,199,29,0,0,1,0,0,-0.277979,-0.960587,-0.5,-0.866025,,,,6000.0,6500.0,5500.0,0.0
Tomato (Hybrid)__Satara APMC__Other,2023-07-19,train,Maharashtra,Satara,Satara APMC,Other Maharashtra,Tomato (Hybrid),Other,FAQ,6000.0,5000.0,7000.0,0.3333,1,6000.0,6000.0,7000.0,4500.0,1500.0,5857.14,5821.43,4210.0,6000.0,4500.0,225.88,1696.98,5500.0,6000.0,0.0244,0.0,0.4031,0,2,7,200,29,0,0,1,0,0,-0.294462,-0.955663,-0.5,-0.866025,,,,6000.0,6500.0,6500.0,0.0
Tomato (Hybrid)__Satara APMC__Other,2023-07-20,train,Maharashtra,Satara,Satara APMC,Other Maharashtra,Tomato (Hybrid),Other,FAQ,6000.0,5000.0,7000.0,0.3333,1,6000.0,6000.0,6000.0,4500.0,1500.0,5857.14,5928.57,4360.0,6000.0,4500.0,225.88,1649.01,5500.0,6000.0,0.0244,0.0,0.3782,0,3,7,201,29,0,0,1,0,0,-0.310857,-0.950457,-0.5,-0.866025,,,,6500.0,6500.0,6500.0,0.0833
Tomato (Hybrid)__Satara APMC__Other,2023-07-22,train,Maharashtra,Satara,Satara APMC,Other Maharashtra,Tomato (Hybrid),Other,FAQ,6500.0,5000.0,8000.0,0.4615,2,6000.0,6000.0,5500.0,5250.0,1500.0,6000.0,6017.86,4526.67,6000.0,5250.0,267.26,1603.58,5500.0,6500.0,0.0833,0.0833,0.3543,0,5,7,203,29,0,1,1,0,0,-0.343367,-0.939201,-0.5,-0.866025,,,,6500.0,6500.0,6000.0,0.0
Tomato (Hybrid)__Satara APMC__Other,2023-07-23,train,Maharashtra,Satara,Satara APMC,Other Maharashtra,Tomato (Hybrid),Other,FAQ,6500.0,5000.0,8000.0,0.4615,1,6500.0,6000.0,5500.0,5750.0,1800.0,6142.86,6071.43,4683.33,6000.0,5500.0,225.88,1558.49,6000.0,6500.0,0.0581,0.0,0.3328,0,6,7,204,29,0,0,1,0,0,-0.359472,-0.933156,-0.5,-0.866025,,,,6500.0,5500.0,6500.0,0.0
Tomato (Hybrid)__Satara APMC__Other,2023-07-24,train,Maharashtra,Satara,Satara APMC,Other Maharashtra,Tomato (Hybrid),Other,FAQ,6500.0,5000.0,8000.0,0.4615,1,6500.0,6000.0,6000.0,6000.0,1750.0,6214.29,6107.14,4841.67,6000.0,5500.0,247.44,1492.32,6000.0,6500.0,0.046,0.0,0.3082,0,0,7,205,30,1,0,1,0,0,-0.37547,-0.926834,-0.5,-0.866025,,,,6500.0,6500.0,6500.0,0.0
Tomato (Hybrid)__Satara APMC__Other,2023-07-25,train,Maharashtra,Satara,Satara APMC,Other Maharashtra,Tomato (Hybrid),Other,FAQ,6500.0,5000.0,8000.0,0.4615,1,6500.0,6500.0,6000.0,6000.0,2250.0,6285.71,6142.86,4983.33,6500.0,5750.0,247.44,1440.39,6000.0,6500.0,0.0341,0.0,0.289,0,1,7,206,30,0,0,1,0,0,-0.391358,-0.920239,-0.5,-0.866025,,,,5500.0,6500.0,6500.0,-0.1538
Tomato (Hybrid)__Satara APMC__Other,2023-07-26,train,Maharashtra,Satara,Satara APMC,Other Maharashtra,Tomato (Hybrid),Other,FAQ,5500.0,4000.0,7000.0,0.5455,1,6500.0,6500.0,6000.0,6000.0,2000.0,6214.29,6107.14,5100.0,6500.0,5750.0,364.22,1331.67,5500.0,6500.0,-0.1149,-0.1538,0.2611,0,2,7,207,30,0,0,1,0,0,-0.407129,-0.91337,-0.5,-0.866025,,,,6500.0,6000.0,6500.0,0.1818
Tomato (Hybrid)__Satara APMC__Other,2023-07-29,train,Maharashtra,Satara,Satara APMC,Other Maharashtra,Tomato (Hybrid),Other,FAQ,6500.0,5000.0,8000.0,0.4615,3,5500.0,6500.0,6000.0,7000.0,2000.0,6285.71,6071.43,5250.0,6500.0,6000.0,364.22,1223.04,5500.0,6500.0,0.0341,0.1818,0.233,0,5,7,210,30,0,1,1,0,0,-0.453703,-0.891153,-0.5,-0.866025,,,,6500.0,6500.0,7000.0,0.0
Tomato (Hybrid)__Satara APMC__Other,2023-07-30,train,Maharashtra,Satara,Satara APMC,Other Maharashtra,Tomato (Hybrid),Other,FAQ,6500.0,5000.0,8000.0,0.4615,1,6500.0,6500.0,6000.0,6000.0,2500.0,6357.14,6107.14,5383.33,6500.0,6000.0,349.93,1130.51,5500.0,6500.0,0.0225,0.0,0.21,0,6,7,211,30,0,0,1,0,0,-0.468965,-0.883217,-0.5,-0.866025,,,,6000.0,6500.0,,-0.0769
Tomato (Hybrid)__Satara APMC__Other,2023-07-31,train,Maharashtra,Satara,Satara APMC,Other Maharashtra,Tomato (Hybrid),Other,FAQ,6000.0,4000.0,8000.0,0.6667,1,6500.0,5500.0,6500.0,5500.0,3500.0,6285.71,6142.86,5466.67,6500.0,6000.0,364.22,1079.61,5500.0,6500.0,-0.0455,-0.0769,0.1975,0,0,7,212,31,1,0,1,0,0,-0.484089,-0.875019,-0.5,-0.866025,,,,6500.0,6500.0,,0.0833
Tomato (Hybrid)__Satara APMC__Other,2023-08-01,train,Maharashtra,Satara,Satara APMC,Other Maharashtra,Tomato (Hybrid),Other,FAQ,6500.0,5000.0,8000.0,0.4615,1,6000.0,6500.0,6500.0,5500.0,3750.0,6285.71,6214.29,5558.33,6500.0,6000.0,364.22,1046.19,5500.0,6500.0,0.0341,0.0833,0.1882,0,1,8,213,31,0,0,1,0,0,-0.499069,-0.866562,-0.866025,-0.5,,,,6500.0,6500.0,,0.0
Tomato (Hybrid)__Satara APMC__Other,2023-08-02,train,Maharashtra,Satara,Satara APMC,Other Maharashtra,Tomato (Hybrid),Other,FAQ,6500.0,5000.0,8000.0,0.4615,1,6500.0,6500.0,6500.0,6000.0,3500.0,6285.71,6250.0,5658.33,6500.0,6000.0,364.22,986.33,5500.0,6500.0,0.0341,0.0,0.1743,0,2,8,214,31,0,0,1,0,0,-0.513901,-0.857849,-0.866025,-0.5,,,,6500.0,7000.0,,0.0
Tomato (Hybrid)__Satara APMC__Other,2023-08-03,train,Maharashtra,Satara,Satara APMC,Other Maharashtra,Tomato (Hybrid),Other,FAQ,6500.0,5000.0,8000.0,0.4615,1,6500.0,6000.0,6500.0,6000.0,3500.0,6285.71,6285.71,5758.33,6500.0,6000.0,364.22,911.69,5500.0,6500.0,0.0341,0.0,0.1583,0,3,8,215,31,0,0,1,0,0,-0.528581,-0.848883,-0.866025,-0.5,,,,6500.0,,,0.0
Tomato (Hybrid)__Satara APMC__Other,2023-08-05,train,Maharashtra,Satara,Satara APMC,Other Maharashtra,Tomato (Hybrid),Other,FAQ,6500.0,5000.0,8000.0,0.4615,2,6500.0,6500.0,5500.0,6000.0,3500.0,6428.57,6321.43,5858.33,6500.0,6000.0,174.96,818.24,6000.0,6500.0,0.0111,0.0,0.1397,0,5,8,217,31,0,1,1,0,0,-0.557468,-0.830198,-0.866025,-0.5,,,,7000.0,,,0.0769
Tomato (Hybrid)__Satara APMC__Other,2023-08-06,train,Maharashtra,Satara,Satara APMC,Other Maharashtra,Tomato (Hybrid),Other,FAQ,7000.0,5000.0,9000.0,0.5714,1,6500.0,6500.0,6500.0,6000.0,3750.0,6500.0,6392.86,5966.67,6500.0,6000.0,267.26,743.68,6000.0,7000.0,0.0769,0.0769,0.1246,0,6,8,218,31,0,0,1,0,0,-0.571667,-0.820486,-0.866025,-0.5,,,,,,,
Tomato (Hybrid)__Islampur APMC__Other,2023-07-28,train,Maharashtra,Sangli,Islampur APMC,Other Maharashtra,Tomato (Hybrid),Other,FAQ,8000.0,7000.0,9000.0,0.25,1,8900.0,7000.0,7300.0,600.0,1250.0,7478.57,7403.57,4551.0,7550.0,4000.0,1248.96,2912.91,5000.0,8900.0,0.0697,-0.1011,0.6401,0,4,7,209,30,0,0,1,0,0,-0.438307,-0.898825,-0.5,-0.866025,,,,8100.0,9000.0,,0.0125
Tomato (Hybrid)__Islampur APMC__Other,2023-07-30,train,Maharashtra,Sangli,Islampur APMC,Other Maharashtra,Tomato (Hybrid),Other,FAQ,8100.0,7000.0,9000.0,0.2469,2,8000.0,8900.0,7550.0,7000.0,1350.0,7557.14,7482.14,4776.0,8000.0,5000.0,1268.13,2917.65,5000.0,8900.0,0.0718,0.0125,0.6109,0,6,7,211,30,0,0,1,0,0,-0.468965,-0.883217,-0.5,-0.866025,,,,8700.0,,,0.0741
Tomato (Hybrid)__Islampur APMC__Other,2023-08-01,train,Maharashtra,Sangli,Islampur APMC,Other Maharashtra,Tomato (Hybrid),Other,FAQ,8700.0,7000.0,10000.0,0.3448,2,8100.0,8900.0,7000.0,6450.0,1250.0,7800.0,7642.86,5024.33,8100.0,6000.0,1300.55,2924.02,5000.0,8900.0,0.1154,0.0741,0.582,0,1,8,213,31,0,0,1,0,0,-0.499069,-0.866562,-0.866025,-0.5,,,,9000.0,,,0.0345
Tomato (Hybrid)__Islampur APMC__Other,2023-08-03,train,Maharashtra,Sangli,Islampur APMC,Other Maharashtra,Tomato (Hybrid),Other,FAQ,9000.0,8000.0,10000.0,0.2222,2,8700.0,8000.0,5000.0,6000.0,1750.0,8371.43,7857.14,5266.0,8700.0,6450.0,671.28,2942.95,7000.0,9000.0,0.0751,0.0345,0.5589,0,3,8,215,31,0,0,1,0,0,-0.528581,-0.848883,-0.866025,-0.5,,,,,,,
Tomato (Hybrid)__Karad APMC__Other,2023-07-11,train,Maharashtra,Satara,Karad APMC,Other Maharashtra,Tomato (Hybrid),Other,FAQ,9000.0,7000.0,9000.0,0.2222,1,7500.0,7500.0,5500.0,3500.0,1500.0,7285.71,5857.14,3940.0,7500.0,3500.0,1129.38,2271.5,5000.0,9000.0,0.2353,0.2,0.5765,0,1,7,192,28,0,0,1,0,0,-0.160575,-0.987024,-0.5,-0.866025,,,,7000.0,8000.0,8500.0,-0.2222
Tomato (Hybrid)__Karad APMC__Other,2023-07-12,train,Maharashtra,Satara,Karad APMC,Other Maharashtra,Tomato (Hybrid),Other,FAQ,7000.0,5000.0,7000.0,0.2857,1,9000.0,7000.0,5000.0,3000.0,1200.0,7571.43,6142.86,4133.33,7500.0,3500.0,677.63,2276.89,7000.0,9000.0,-0.0755,-0.2222,0.5509,0,2,7,193,28,0,0,1,0,0,-0.177529,-0.984116,-0.5,-0.866025,,,,6500.0,8000.0,6500.0,-0.0714
Tomato (Hybrid)__Karad APMC__Other,2023-07-13,train,Maharashtra,Satara,Karad APMC,Other Maharashtra,Tomato (Hybrid),Other,FAQ,6500.0,5000.0,6500.0,0.2308,1,7000.0,7500.0,8000.0,4500.0,1300.0,7357.14,6285.71,4306.67,7000.0,4000.0,742.31,2252.4,6500.0,9000.0,-0.1165,-0.0714,0.523,0,3,7,194,28,0,0,1,0,0,-0.194431,-0.980916,-0.5,-0.866025,,,,8000.0,8000.0,8000.0,0.2308
Tomato (Hybrid)__Karad APMC__Other,2023-07-15,train,Maharashtra,Satara,Karad APMC,Other Maharashtra,Tomato (Hybrid),Other,FAQ,8000.0,7000.0,8000.0,0.125,2,6500.0,9000.0,7000.0,4000.0,1200.0,7500.0,6571.43,4533.33,7500.0,4000.0,755.93,2270.44,6500.0,9000.0,0.0667,0.2308,0.5008,0,5,7,196,28,0,1,1,0,0,-0.228058,-0.973648,-0.5,-0.866025,,,,8000.0,7500.0,9000.0,0.0
Tomato (Hybrid)__Karad APMC__Other,2023-07-16,train,Maharashtra,Satara,Karad APMC,Other Maharashtra,Tomato (Hybrid),Other,FAQ,8000.0,7000.0,8000.0,0.125,1,8000.0,7000.0,7500.0,3500.0,1700.0,7571.43,6892.86,4743.33,7500.0,4500.0,775.91,2289.93,6500.0,9000.0,0.0566,0.0,0.4828,0,6,7,197,28,0,0,1,0,0,-0.244772,-0.969581,-0.5,-0.866025,,,,8000.0,8500.0,8500.0,0.0
Tomato (Hybrid)__Karad APMC__Other,2023-07-17,train,Maharashtra,Satara,Karad APMC,Other Maharashtra,Tomato (Hybrid),Other,FAQ,8000.0,7000.0,8000.0,0.125,1,8000.0,6500.0,7000.0,4500.0,1500.0,7714.29,7142.86,4960.0,8000.0,4500.0,749.15,2280.29,6500.0,9000.0,0.037,0.0,0.4597,0,0,7,198,29,1,0,1,0,0,-0.261414,-0.965227,-0.5,-0.866025,,,,7500.0,6500.0,9000.0,-0.0625
Tomato (Hybrid)__Karad APMC__Other,2023-07-18,train,Maharashtra,Satara,Karad APMC,Other Maharashtra,Tomato (Hybrid),Other,FAQ,7500.0,6000.0,7500.0,0.2,1,8000.0,8000.0,7500.0,6000.0,1500.0,7714.29,7250.0,5160.0,8000.0,5000.0,749.15,2230.64,6500.0,9000.0,-0.0278,-0.0625,0.4323,0,1,7,199,29,0,0,1,0,0,-0.277979,-0.960587,-0.5,-0.866025,,,,8500.0,8000.0,8500.0,0.1333
Tomato (Hybrid)__Karad APMC__Other,2023-07-19,train,Maharashtra,Satara,Karad APMC,Other Maharashtra,Tomato (Hybrid),Other,FAQ,8500.0,7000.0,8500.0,0.1765,1,7500.0,8000.0,9000.0,5500.0,2000.0,7642.86,7464.29,5376.67,8000.0,5500.0,638.88,2228.85,6500.0,8500.0,0.1121,0.1333,0.4145,0,2,7,200,29,0,0,1,0,0,-0.294462,-0.955663,-0.5,-0.866025,,,,6500.0,9000.0,8500.0,-0.2353
Tomato (Hybrid)__Karad APMC__Other,2023-07-20,train,Maharashtra,Satara,Karad APMC,Other Maharashtra,Tomato (Hybrid),Other,FAQ,6500.0,6000.0,6500.0,0.0769,1,8500.0,8000.0,7000.0,5000.0,2200.0,7571.43,7571.43,5520.0,8000.0,6000.0,728.43,2157.07,6500.0,8500.0,-0.1415,-0.2353,0.3908,0,3,7,201,29,0,0,1,0,0,-0.310857,-0.950457,-0.5,-0.866025,,,,8000.0,8500.0,8000.0,0.2308
Tomato (Hybrid)__Karad APMC__Other,2023-07-22,train,Maharashtra,Satara,Karad APMC,Other Maharashtra,Tomato (Hybrid),Other,FAQ,8000.0,7000.0,8000.0,0.125,2,6500.0,7500.0,6500.0,8000.0,2500.0,7785.71,7571.43,5703.33,8000.0,6500.0,589.02,2126.1,6500.0,8500.0,0.0275,0.2308,0.3728,0,5,7,203,29,0,1,1,0,0,-0.343367,-0.939201,-0.5,-0.866025,,,,9000.0,9000.0,9000.0,0.125
Tomato (Hybrid)__Karad APMC__Other,2023-07-23,train,Maharashtra,Satara,Karad APMC,Other Maharashtra,Tomato (Hybrid),Other,FAQ,9000.0,8000.0,9000.0,0.1111,1,8000.0,8500.0,8000.0,7000.0,1200.0,7928.57,7714.29,5963.33,8000.0,6500.0,728.43,2034.45,6500.0,9000.0,0.1351,0.125,0.3412,0,6,7,204,29,0,0,1,0,0,-0.359472,-0.933156,-0.5,-0.866025,,,,8500.0,8500.0,7500.0,-0.0556
Tomato (Hybrid)__Karad APMC__Other,2023-07-24,train,Maharashtra,Satara,Karad APMC,Other Maharashtra,Tomato (Hybrid),Other,FAQ,8500.0,7000.0,8500.0,0.1765,1,9000.0,6500.0,8000.0,7500.0,2400.0,8000.0,7785.71,6166.67,8000.0,7000.0,755.93,1972.03,6500.0,9000.0,0.0625,-0.0556,0.3198,0,0,7,205,30,1,0,1,0,0,-0.37547,-0.926834,-0.5,-0.866025,,,,9000.0,8500.0,9000.0,0.0588
Tomato (Hybrid)__Karad APMC__Other,2023-07-25,train,Maharashtra,Satara,Karad APMC,Other Maharashtra,Tomato (Hybrid),Other,FAQ,9000.0,8000.0,9000.0,0.1111,1,8500.0,8000.0,8000.0,7000.0,3000.0,8142.86,7928.57,6366.67,8500.0,7000.0,832.99,1944.79,6500.0,9000.0,0.1053,0.0588,0.3055,0,1,7,206,30,0,0,1,0,0,-0.391358,-0.920239,-0.5,-0.866025,,,,8500.0,8000.0,8500.0,-0.0556
Tomato (Hybrid)__Karad APMC__Other,2023-07-26,train,Maharashtra,Satara,Karad APMC,Other Maharashtra,Tomato (Hybrid),Other,FAQ,8500.0,8000.0,8500.0,0.0588,1,9000.0,9000.0,7500.0,7500.0,3500.0,8285.71,8000.0,6533.33,8500.0,7000.0,795.39,1905.84,6500.0,9000.0,0.0259,-0.0556,0.2917,0,2,7,207,30,0,0,1,0,0,-0.407129,-0.91337,-0.5,-0.866025,,,,8500.0,9000.0,4000.0,0.0
Tomato (Hybrid)__Karad APMC__Other,2023-07-27,train,Maharashtra,Satara,Karad APMC,Other Maharashtra,Tomato (Hybrid),Other,FAQ,8500.0,7000.0,8500.0,0.1765,1,8500.0,8500.0,8500.0,9000.0,4000.0,8285.71,7964.29,6683.33,8500.0,7500.0,795.39,1877.42,6500.0,9000.0,0.0259,0.0,0.2809,0,3,7,208,30,0,0,1,0,0,-0.422781,-0.906232,-0.5,-0.866025,,,,8000.0,7500.0,10000.0,-0.0588
Tomato (Hybrid)__Karad APMC__Other,2023-07-29,train,Maharashtra,Satara,Karad APMC,Other Maharashtra,Tomato (Hybrid),Other,FAQ,8000.0,7000.0,8000.0,0.125,2,8500.0,9000.0,6500.0,7000.0,3500.0,8500.0,8035.71,6833.33,8500.0,7500.0,377.96,1795.05,8000.0,9000.0,-0.0588,-0.0588,0.2627,0,5,7,210,30,0,1,1,0,0,-0.453703,-0.891153,-0.5,-0.866025,,,,9000.0,9000.0,10000.0,0.125
Tomato (Hybrid)__Karad APMC__Other,2023-07-30,train,Maharashtra,Satara,Karad APMC,Other Maharashtra,Tomato (Hybrid),Other,FAQ,9000.0,8000.0,9000.0,0.1111,1,8000.0,8500.0,8000.0,6500.0,3500.0,8642.86,8214.29,7016.67,8500.0,7500.0,349.93,1724.74,8000.0,9000.0,0.0413,0.125,0.2458,0,6,7,211,30,0,0,1,0,0,-0.468965,-0.883217,-0.5,-0.866025,,,,7500.0,8500.0,,-0.1667
Tomato (Hybrid)__Karad APMC__Other,2023-07-31,train,Maharashtra,Satara,Karad APMC,Other Maharashtra,Tomato (Hybrid),Other,FAQ,7500.0,6000.0,7500.0,0.2,1,9000.0,8500.0,9000.0,8000.0,3000.0,8428.57,8178.57,7166.67,8500.0,7500.0,494.87,1556.35,7500.0,9000.0,-0.1102,-0.1667,0.2172,0,0,7,212,31,1,0,1,0,0,-0.484089,-0.875019,-0.5,-0.866025,,,,9000.0,4000.0,,0.2
Tomato (Hybrid)__Karad APMC__Other,2023-08-01,train,Maharashtra,Satara,Karad APMC,Other Maharashtra,Tomato (Hybrid),Other,FAQ,9000.0,8000.0,9000.0,0.1111,1,7500.0,8000.0,8500.0,8000.0,4500.0,8500.0,8250.0,7316.67,8500.0,8000.0,534.52,1508.22,7500.0,9000.0,0.0588,0.2,0.2061,0,1,8,213,31,0,0,1,0,0,-0.499069,-0.866562,-0.866025,-0.5,,,,8500.0,10000.0,,-0.0556
Tomato (Hybrid)__Karad APMC__Other,2023-08-02,train,Maharashtra,Satara,Karad APMC,Other Maharashtra,Tomato (Hybrid),Other,FAQ,8500.0,7000.0,8500.0,0.1765,1,9000.0,9000.0,9000.0,8000.0,4000.0,8428.57,8285.71,7466.67,8500.0,8000.0,494.87,1390.04,7500.0,9000.0,0.0085,-0.0556,0.1862,0,2,8,214,31,0,0,1,0,0,-0.513901,-0.857849,-0.866025,-0.5,,,,4000.0,10000.0,,-0.5294
Tomato (Hybrid)__Karad APMC__Other,2023-08-03,train,Maharashtra,Satara,Karad APMC,Other Maharashtra,Tomato (Hybrid),Other,FAQ,4000.0,3000.0,4000.0,0.25,1,8500.0,7500.0,8500.0,7500.0,3500.0,7785.71,8035.71,7483.33,8500.0,8000.0,1622.55,1344.64,4000.0,9000.0,-0.4862,-0.5294,0.1797,0,3,8,215,31,0,0,1,0,0,-0.528581,-0.848883,-0.866025,-0.5,,,,10000.0,,,1.5
Tomato (Hybrid)__Karad APMC__Other,2023-08-05,train,Maharashtra,Satara,Karad APMC,Other Maharashtra,Tomato (Hybrid),Other,FAQ,10000.0,6000.0,10000.0,0.4,2,4000.0,9000.0,8500.0,8500.0,4500.0,8000.0,8142.86,7666.67,8500.0,8000.0,1792.84,1299.57,4000.0,10000.0,0.25,1.5,0.1695,0,5,8,217,31,0,1,1,0,0,-0.557468,-0.830198,-0.866025,-0.5,,,,10000.0,,,0.0
Tomato (Hybrid)__Karad APMC__Other,2023-08-06,train,Maharashtra,Satara,Karad APMC,Other Maharashtra,Tomato (Hybrid),Other,FAQ,10000.0,3000.0,10000.0,0.7,1,10000.0,8500.0,8000.0,6500.0,6000.0,8285.71,8392.86,7800.0,9000.0,8000.0,1924.6,1326.65,4000.0,10000.0,0.2069,0.0,0.1701,0,6,8,218,31,0,0,1,0,0,-0.571667,-0.820486,-0.866025,-0.5,,,,,,,
Tomato (Hybrid)__Amravati APMC__Local,2023-07-15,train,Maharashtra,Amravati,Amravati APMC,Benchmark,Tomato (Hybrid),Local,FAQ,7250.0,7000.0,7500.0,0.069,1,6750.0,5250.0,4750.0,4750.0,2250.0,5965.71,5393.57,4130.33,5760.0,4000.0,1167.99,1612.87,4000.0,7500.0,0.2153,0.0741,0.3905,0,5,7,196,28,0,1,1,0,0,-0.228058,-0.973648,-0.5,-0.866025,,,,7250.0,7250.0,8250.0,0.0
Tomato (Hybrid)__Amravati APMC__Local,2023-07-16,train,Maharashtra,Amravati,Amravati APMC,Benchmark,Tomato (Hybrid),Local,FAQ,7250.0,7000.0,7500.0,0.069,1,7250.0,5760.0,7500.0,3750.0,2100.0,5930.0,5643.57,4302.0,5760.0,4000.0,1123.5,1660.99,4000.0,7250.0,0.2226,0.0,0.3861,0,6,7,197,28,0,0,1,0,0,-0.244772,-0.969581,-0.5,-0.866025,,,,6250.0,7250.0,8250.0,-0.1379
Tomato (Hybrid)__Amravati APMC__Local,2023-07-17,train,Maharashtra,Amravati,Amravati APMC,Benchmark,Tomato (Hybrid),Local,FAQ,6250.0,6000.0,6500.0,0.08,1,7250.0,6750.0,5250.0,4000.0,2100.0,6072.86,5804.29,4440.33,6250.0,4000.0,1091.06,1644.57,4000.0,7250.0,0.0292,-0.1379,0.3704,0,0,7,198,29,1,0,1,0,0,-0.261414,-0.965227,-0.5,-0.866025,,,,7250.0,6250.0,9250.0,0.16
Tomato (Hybrid)__Amravati APMC__Local,2023-07-18,train,Maharashtra,Amravati,Amravati APMC,Benchmark,Tomato (Hybrid),Local,FAQ,7250.0,7000.0,7500.0,0.069,1,6250.0,7250.0,4000.0,4100.0,1800.0,6537.14,6029.29,4622.0,6750.0,4100.0,747.66,1643.89,5250.0,7250.0,0.109,0.16,0.3557,0,1,7,199,29,0,0,1,0,0,-0.277979,-0.960587,-0.5,-0.866025,,,,7250.0,8250.0,9000.0,0.0
Tomato (Hybrid)__Amravati APMC__Local,2023-07-19,train,Maharashtra,Amravati,Amravati APMC,Benchmark,Tomato (Hybrid),Local,FAQ,7250.0,7000.0,7500.0,0.069,1,7250.0,7250.0,5250.0,3900.0,2400.0,6822.86,6268.57,4783.67,7250.0,4750.0,559.71,1655.86,5760.0,7250.0,0.0626,0.0,0.3461,0,2,7,200,29,0,0,1,0,0,-0.294462,-0.955663,-0.5,-0.866025,,,,6250.0,8250.0,8250.0,-0.1379
Tomato (Hybrid)__Amravati APMC__Local,2023-07-21,train,Maharashtra,Amravati,Amravati APMC,Benchmark,Tomato (Hybrid),Local,FAQ,6250.0,6000.0,6500.0,0.08,2,7250.0,6250.0,5760.0,6250.0,2250.0,6892.86,6268.57,4917.0,7250.0,4750.0,440.32,1606.79,6250.0,7250.0,-0.0933,-0.1379,0.3268,0,4,7,202,29,0,0,1,0,0,-0.32716,-0.944969,-0.5,-0.866025,,,,8250.0,8250.0,10500.0,0.32
Tomato (Hybrid)__Amravati APMC__Local,2023-07-22,train,Maharashtra,Amravati,Amravati APMC,Benchmark,Tomato (Hybrid),Local,FAQ,8250.0,8000.0,8500.0,0.0606,1,6250.0,7250.0,6750.0,7000.0,3000.0,7107.14,6357.86,5092.0,7250.0,4750.0,638.88,1673.01,6250.0,8250.0,0.1608,0.32,0.3286,0,5,7,203,29,0,1,1,0,0,-0.343367,-0.939201,-0.5,-0.866025,,,,8250.0,9250.0,10500.0,0.0
Tomato (Hybrid)__Amravati APMC__Local,2023-07-23,train,Maharashtra,Amravati,Amravati APMC,Benchmark,Tomato (Hybrid),Local,FAQ,8250.0,8000.0,8500.0,0.0606,1,8250.0,7250.0,7250.0,4750.0,3000.0,7250.0,6607.86,5267.0,7250.0,5250.0,755.93,1718.98,6250.0,8250.0,0.1379,0.0,0.3264,0,6,7,204,29,0,0,1,0,0,-0.359472,-0.933156,-0.5,-0.866025,,,,8250.0,9000.0,10500.0,0.0
Tomato (Hybrid)__Amravati APMC__Local,2023-07-24,train,Maharashtra,Amravati,Amravati APMC,Benchmark,Tomato (Hybrid),Local,FAQ,8250.0,8000.0,8500.0,0.0606,1,8250.0,6250.0,7250.0,7500.0,2500.0,7392.86,6661.43,5458.67,7250.0,5250.0,832.99,1720.33,6250.0,8250.0,0.1159,0.0,0.3152,0,0,7,205,30,1,0,1,0,0,-0.37547,-0.926834,-0.5,-0.866025,,,,9250.0,8250.0,11500.0,0.1212
Tomato (Hybrid)__Amravati APMC__Local,2023-07-25,train,Maharashtra,Amravati,Amravati APMC,Benchmark,Tomato (Hybrid),Local,FAQ,9250.0,9000.0,9500.0,0.0541,1,8250.0,8250.0,6250.0,5250.0,3000.0,7821.43,6947.14,5667.0,8250.0,5760.0,903.51,1787.12,6250.0,9250.0,0.1826,0.1212,0.3154,0,1,7,206,30,0,0,1,0,0,-0.391358,-0.920239,-0.5,-0.866025,,,,9000.0,10500.0,11500.0,-0.027
Tomato (Hybrid)__Amravati APMC__Local,2023-07-26,train,Maharashtra,Amravati,Amravati APMC,Benchmark,Tomato (Hybrid),Local,FAQ,9000.0,8500.0,9500.0,0.1111,1,9250.0,8250.0,7250.0,4000.0,2750.0,8071.43,7304.29,5875.33,8250.0,6250.0,951.64,1799.18,6250.0,9250.0,0.115,-0.027,0.3062,0,2,7,207,30,0,0,1,0,0,-0.407129,-0.91337,-0.5,-0.866025,,,,8250.0,10500.0,12500.0,-0.0833
Tomato (Hybrid)__Amravati APMC__Local,2023-07-28,train,Maharashtra,Amravati,Amravati APMC,Benchmark,Tomato (Hybrid),Local,FAQ,8250.0,8000.0,8500.0,0.0606,2,9000.0,8250.0,7250.0,5250.0,3750.0,8214.29,7518.57,6025.33,8250.0,6250.0,890.71,1803.31,6250.0,9250.0,0.0043,-0.0833,0.2993,0,4,7,209,30,0,0,1,0,0,-0.438307,-0.898825,-0.5,-0.866025,,,,10500.0,10500.0,9500.0,0.2727
Tomato (Hybrid)__Amravati APMC__Local,2023-07-29,train,Maharashtra,Amravati,Amravati APMC,Benchmark,Tomato (Hybrid),Local,FAQ,10500.0,9000.0,12000.0,0.2857,1,8250.0,9250.0,6250.0,5760.0,3000.0,8821.43,7857.14,6275.33,8250.0,6250.0,787.34,1884.62,8250.0,10500.0,0.1903,0.2727,0.3003,0,5,7,210,30,0,1,1,0,0,-0.453703,-0.891153,-0.5,-0.866025,,,,10500.0,11500.0,8250.0,0.0
Tomato (Hybrid)__Amravati APMC__Local,2023-07-30,train,Maharashtra,Amravati,Amravati APMC,Benchmark,Tomato (Hybrid),Local,FAQ,10500.0,10000.0,11000.0,0.0952,1,10500.0,9000.0,8250.0,6750.0,3250.0,9142.86,8125.0,6517.0,9000.0,6750.0,934.05,1945.05,8250.0,10500.0,0.1484,0.0,0.2985,0,6,7,211,30,0,0,1,0,0,-0.468965,-0.883217,-0.5,-0.866025,,,,10500.0,11500.0,8250.0,0.0
Tomato (Hybrid)__Amravati APMC__Local,2023-07-31,train,Maharashtra,Amravati,Amravati APMC,Benchmark,Tomato (Hybrid),Local,FAQ,10500.0,10000.0,11000.0,0.0952,1,10500.0,8250.0,8250.0,7250.0,4000.0,9464.29,8357.14,6733.67,9250.0,7000.0,958.31,2013.43,8250.0,10500.0,0.1094,0.0,0.299,0,0,7,212,31,1,0,1,0,0,-0.484089,-0.875019,-0.5,-0.866025,,,,11500.0,12500.0,8500.0,0.0952
Tomato (Hybrid)__Amravati APMC__Local,2023-08-01,train,Maharashtra,Amravati,Amravati APMC,Benchmark,Tomato (Hybrid),Local,FAQ,11500.0,11000.0,12000.0,0.087,1,10500.0,10500.0,8250.0,7250.0,4750.0,9928.57,8660.71,6958.67,10500.0,7250.0,1041.24,2151.6,8250.0,11500.0,0.1583,0.0952,0.3092,0,1,8,213,31,0,0,1,0,0,-0.499069,-0.866562,-0.866025,-0.5,,,,11500.0,9500.0,8500.0,0.0
Tomato (Hybrid)__Amravati APMC__Local,2023-08-02,train,Maharashtra,Amravati,Amravati APMC,Benchmark,Tomato (Hybrid),Local,FAQ,11500.0,11000.0,12000.0,0.087,1,11500.0,10500.0,9250.0,6250.0,4750.0,10250.0,9035.71,7183.67,10500.0,7250.0,1125.99,2259.12,8250.0,11500.0,0.122,0.0,0.3145,0,2,8,214,31,0,0,1,0,0,-0.513901,-0.857849,-0.866025,-0.5,,,,12500.0,8250.0,6500.0,0.087
Tomato (Hybrid)__Amravati APMC__Local,2023-08-04,train,Maharashtra,Amravati,Amravati APMC,Benchmark,Tomato (Hybrid),Local,FAQ,12500.0,12000.0,13000.0,0.08,2,11500.0,10500.0,9000.0,7250.0,3750.0,10750.0,9410.71,7475.33,10500.0,7250.0,1232.01,2359.59,8250.0,12500.0,0.1628,0.087,0.3156,0,4,8,216,31,0,0,1,0,0,-0.543105,-0.839665,-0.866025,-0.5,,,,9500.0,8250.0,5750.0,-0.24
Tomato (Hybrid)__Amravati APMC__Local,2023-08-05,train,Maharashtra,Amravati,Amravati APMC,Benchmark,Tomato (Hybrid),Local,FAQ,9500.0,9000.0,10000.0,0.1053,1,12500.0,11500.0,8250.0,7250.0,4000.0,10928.57,9571.43,7658.67,10500.0,7250.0,903.51,2295.23,9500.0,12500.0,-0.1307,-0.24,0.2997,0,5,8,217,31,0,1,1,0,0,-0.557468,-0.830198,-0.866025,-0.5,,,,8250.0,8500.0,5750.0,-0.1316
Tomato (Hybrid)__Amravati APMC__Local,2023-08-06,train,Maharashtra,Amravati,Amravati APMC,Benchmark,Tomato (Hybrid),Local,FAQ,8250.0,8000.0,8500.0,0.0606,1,9500.0,11500.0,10500.0,6250.0,4100.0,10607.14,9714.29,7797.0,10500.0,7500.0,1308.33,2199.65,8250.0,12500.0,-0.2222,-0.1316,0.2821,0,6,8,218,31,0,0,1,0,0,-0.571667,-0.820486,-0.866025,-0.5,,,,8250.0,8500.0,5750.0,0.0
Tomato (Hybrid)__Amravati APMC__Local,2023-08-07,train,Maharashtra,Amravati,Amravati APMC,Benchmark,Tomato (Hybrid),Local,FAQ,8250.0,8000.0,8500.0,0.0606,1,8250.0,12500.0,10500.0,8250.0,3900.0,10285.71,9714.29,7942.0,10500.0,8250.0,1549.36,2077.99,8250.0,12500.0,-0.1979,0.0,0.2616,0,0,8,219,32,1,0,1,0,0,-0.585696,-0.810531,-0.866025,-0.5,,,,8500.0,6500.0,4250.0,0.0303
Tomato (Hybrid)__Amravati APMC__Local,2023-08-08,train,Maharashtra,Amravati,Amravati APMC,Benchmark,Tomato (Hybrid),Local,FAQ,8500.0,8000.0,9000.0,0.1176,1,8250.0,9500.0,10500.0,8250.0,6250.0,10000.0,9732.14,8017.0,9500.0,8250.0,1663.69,2056.06,8250.0,12500.0,-0.15,0.0303,0.2565,0,1,8,220,32,0,0,1,0,0,-0.599551,-0.800336,-0.866025,-0.5,,,,8500.0,5750.0,4000.0,0.0
Tomato (Hybrid)__Amravati APMC__Local,2023-08-09,train,Maharashtra,Amravati,Amravati APMC,Benchmark,Tomato (Hybrid),Local,FAQ,8500.0,8000.0,9000.0,0.1176,1,8500.0,8250.0,11500.0,8250.0,7000.0,9571.43,9750.0,8067.0,8500.0,8250.0,1607.54,2048.95,8250.0,12500.0,-0.1119,0.0,0.254,0,2,8,221,32,0,0,1,0,0,-0.61323,-0.789905,-0.866025,-0.5,,,,6500.0,5750.0,3750.0,-0.2353
Tomato (Hybrid)__Amravati APMC__Local,2023-08-11,train,Maharashtra,Amravati,Amravati APMC,Benchmark,Tomato (Hybrid),Local,FAQ,6500.0,6000.0,7000.0,0.1538,2,8500.0,8250.0,11500.0,9250.0,4750.0,8857.14,9553.57,8125.33,8500.0,8250.0,1700.09,1977.34,6500.0,12500.0,-0.2661,-0.2353,0.2434,0,4,8,223,32,0,0,1,0,0,-0.640038,-0.768343,-0.866025,-0.5,,,,5750.0,5750.0,3750.0,-0.1154
Tomato (Hybrid)__Amravati APMC__Local,2023-08-12,train,Maharashtra,Amravati,Amravati APMC,Benchmark,Tomato (Hybrid),Local,FAQ,5750.0,5500.0,6000.0,0.087,1,6500.0,8500.0,12500.0,9000.0,7500.0,7892.86,9321.43,8067.0,8250.0,8250.0,1201.61,2020.28,5750.0,9500.0,-0.2715,-0.1154,0.2504,0,5,8,224,32,0,1,1,0,0,-0.65316,-0.75722,-0.866025,-0.5,,,,5750.0,4250.0,2250.0,0.0
Tomato (Hybrid)__Amravati APMC__Local,2023-08-13,train,Maharashtra,Amravati,Amravati APMC,Benchmark,Tomato (Hybrid),Local,FAQ,5750.0,5500.0,6000.0,0.087,1,5750.0,8500.0,9500.0,8250.0,5250.0,7357.14,9142.86,8083.67,8250.0,8250.0,1201.61,1998.92,5750.0,8500.0,-0.2184,0.0,0.2473,0,6,8,225,32,0,0,1,0,0,-0.666089,-0.745872,-0.866025,-0.5,,,,5750.0,4000.0,2250.0,0.0
Tomato (Hybrid)__Amravati APMC__Local,2023-08-14,train,Maharashtra,Amravati,Amravati APMC,Benchmark,Tomato (Hybrid),Local,FAQ,5750.0,5500.0,6000.0,0.087,1,5750.0,6500.0,8250.0,10500.0,4000.0,7000.0,8803.57,8142.0,6500.0,8250.0,1253.57,1902.08,5750.0,8500.0,-0.1786,0.0,0.2336,0,0,8,226,33,1,0,1,0,0,-0.67882,-0.734304,-0.866025,-0.5,,,,4250.0,3750.0,2250.0,-0.2609
Tomato (Hybrid)__Amravati APMC__Local,2023-08-18,train,Maharashtra,Amravati,Amravati APMC,Benchmark,Tomato (Hybrid),Local,FAQ,4250.0,4000.0,4500.0,0.1176,4,5750.0,5750.0,8250.0,10500.0,5250.0,6428.57,8357.14,8108.67,5750.0,8250.0,1449.84,1960.34,4250.0,8500.0,-0.3389,-0.2609,0.2418,0,4,8,230,33,0,0,1,0,0,-0.727701,-0.685894,-0.866025,-0.5,,,,4000.0,3750.0,2250.0,-0.0588
Tomato (Hybrid)__Amravati APMC__Local,2023-08-19,train,Maharashtra,Amravati,Amravati APMC,Benchmark,Tomato (Hybrid),Local,FAQ,4000.0,3500.0,4500.0,0.25,1,4250.0,5750.0,8500.0,10500.0,5760.0,5785.71,7892.86,8050.0,5750.0,8250.0,1385.05,2053.86,4000.0,8500.0,-0.3086,-0.0588,0.2551,0,5,8,231,33,0,1,1,0,0,-0.739392,-0.673275,-0.866025,-0.5,,,,3750.0,2250.0,1400.0,-0.0625
Tomato (Hybrid)__Amravati APMC__Local,2023-08-20,train,Maharashtra,Amravati,Amravati APMC,Benchmark,Tomato (Hybrid),Local,FAQ,3750.0,3500.0,4000.0,0.1333,1,4000.0,5750.0,8500.0,11500.0,6750.0,5107.14,7339.29,7950.0,5750.0,8250.0,998.72,2183.65,3750.0,6500.0,-0.2657,-0.0625,0.2747,0,6,8,232,33,0,0,1,0,0,-0.750864,-0.660457,-0.866025,-0.5,,,,3750.0,2250.0,1400.0,0.0
Tomato (Hybrid)__Amravati APMC__Local,2023-08-22,train,Maharashtra,Amravati,Amravati APMC,Benchmark,Tomato (Hybrid),Local,FAQ,3750.0,3500.0,4000.0,0.1333,2,3750.0,4250.0,6500.0,11500.0,7250.0,4714.29,6785.71,7833.33,4250.0,8250.0,910.54,2307.9,3750.0,5750.0,-0.2045,0.0,0.2946,0,1,8,234,34,0,0,1,0,0,-0.773138,-0.634237,-0.866025,-0.5,,,,2250.0,2250.0,1500.0,-0.4
Tomato (Hybrid)__Amravati APMC__Local,2023-08-25,train,Maharashtra,Amravati,Amravati APMC,Benchmark,Tomato (Hybrid),Local,FAQ,2250.0,2000.0,2500.0,0.2222,3,3750.0,4000.0,5750.0,12500.0,7250.0,4214.29,6053.57,7666.67,4000.0,8250.0,1137.26,2515.23,2250.0,5750.0,-0.4661,-0.4,0.3281,0,4,8,237,34,0,0,1,0,0,-0.804826,-0.593511,-0.866025,-0.5,,,,2250.0,2250.0,1400.0,0.0
Tomato (Hybrid)__Amravati APMC__Local,2023-08-26,train,Maharashtra,Amravati,Amravati APMC,Benchmark,Tomato (Hybrid),Local,FAQ,2250.0,2000.0,2500.0,0.2222,1,2250.0,3750.0,5750.0,9500.0,6250.0,3714.29,5535.71,7533.33,3750.0,8250.0,1121.45,2686.95,2250.0,5750.0,-0.3942,0.0,0.3567,0,5,8,238,34,0,1,1,0,0,-0.814916,-0.579579,-0.866025,-0.5,,,,2250.0,1400.0,1400.0,0.0
Tomato (Hybrid)__Amravati APMC__Local,2023-08-27,train,Maharashtra,Amravati,Amravati APMC,Benchmark,Tomato (Hybrid),Local,FAQ,2250.0,2000.0,2500.0,0.2222,1,2250.0,3750.0,5750.0,8250.0,7250.0,3214.29,5107.14,7366.67,3750.0,8250.0,849.67,2849.51,2250.0,4250.0,-0.3,0.0,0.3868,0,6,8,239,34,0,0,1,0,0,-0.824765,-0.565476,-0.866025,-0.5,,,,2250.0,1400.0,1750.0,0.0
Tomato (Hybrid)__Amravati APMC__Local,2023-08-28,train,Maharashtra,Amravati,Amravati APMC,Benchmark,Tomato (Hybrid),Local,FAQ,2250.0,2000.0,2500.0,0.2222,1,2250.0,2250.0,4250.0,8250.0,7250.0,2928.57,4678.57,7200.0,2250.0,8250.0,787.34,2994.02,2250.0,4000.0,-0.2317,0.0,0.4158,0,0,8,240,35,1,0,1,0,0,-0.83437,-0.551205,-0.866025,-0.5,,,,1400.0,1500.0,1750.0,-0.3778
Tomato (Hybrid)__Amravati APMC__Local,2023-08-29,train,Maharashtra,Amravati,Amravati APMC,Benchmark,Tomato (Hybrid),Local,FAQ,1400.0,1200.0,1600.0,0.2857,1,2250.0,2250.0,4000.0,8500.0,6250.0,2557.14,4171.43,7038.33,2250.0,8250.0,807.3,3166.9,1400.0,3750.0,-0.4525,-0.3778,0.45,0,1,8,241,35,0,0,1,0,0,-0.843728,-0.536771,-0.866025,-0.5,,,,1400.0,1400.0,1100.0,0.0
Tomato (Hybrid)__Amravati APMC__Local,2023-08-30,train,Maharashtra,Amravati,Amravati APMC,Benchmark,Tomato (Hybrid),Local,FAQ,1400.0,1200.0,1600.0,0.2857,1,1400.0,2250.0,3750.0,8500.0,8250.0,2221.43,3664.29,6810.0,2250.0,8250.0,725.98,3314.8,1400.0,3750.0,-0.3698,0.0,0.4868,0,2,8,242,35,0,0,1,0,0,-0.852837,-0.522178,-0.866025,-0.5,,,,1500.0,1400.0,1100.0,0.0714
Tomato (Hybrid)__Amravati APMC__Local,2023-09-01,train,Maharashtra,Amravati,Amravati APMC,Benchmark,Tomato (Hybrid),Local,FAQ,1500.0,1400.0,1600.0,0.1333,2,1400.0,2250.0,3750.0,6500.0,8250.0,1900.0,3307.14,6585.0,2250.0,8250.0,405.32,3436.28,1400.0,2250.0,-0.2105,0.0714,0.5218,0,4,9,244,35,0,0,1,0,0,-0.870294,-0.492533,-1.0,-0.0,,,,1400.0,1750.0,900.0,-0.0667
Tomato (Hybrid)__Amravati APMC__Local,2023-09-02,train,Maharashtra,Amravati,Amravati APMC,Benchmark,Tomato (Hybrid),Local,FAQ,1400.0,1200.0,1600.0,0.2857,1,1500.0,1400.0,2250.0,5750.0,8250.0,1778.57,2996.43,6356.67,1500.0,6500.0,409.58,3543.96,1400.0,2250.0,-0.2129,-0.0667,0.5575,0,5,9,245,35,0,1,1,0,0,-0.878637,-0.477489,-1.0,-0.0,,,,1400.0,1750.0,900.0,0.0
Tomato (Hybrid)__Amravati APMC__Local,2023-09-03,train,Maharashtra,Amravati,Amravati APMC,Benchmark,Tomato (Hybrid),Local,FAQ,1400.0,1200.0,1600.0,0.2857,1,1400.0,1400.0,2250.0,5750.0,9250.0,1657.14,2685.71,6095.0,1400.0,5750.0,376.48,3609.86,1400.0,2250.0,-0.1552,0.0,0.5923,0,6,9,246,35,0,0,1,0,0,-0.886721,-0.462305,-1.0,-0.0,,,,1750.0,1100.0,900.0,0.25
Tomato (Hybrid)__Amravati APMC__Local,2023-09-04,train,Maharashtra,Amravati,Amravati APMC,Benchmark,Tomato (Hybrid),Local,FAQ,1750.0,1500.0,2000.0,0.2857,1,1400.0,1500.0,2250.0,5750.0,9000.0,1585.71,2400.0,5853.33,1400.0,5750.0,296.06,3649.75,1400.0,2250.0,0.1036,0.25,0.6235,0,0,9,247,36,1,0,1,0,0,-0.894542,-0.446983,-1.0,-0.0,,,,1750.0,1100.0,900.0,0.0
Tomato (Hybrid)__Amravati APMC__Local,2023-09-05,train,Maharashtra,Amravati,Amravati APMC,Benchmark,Tomato (Hybrid),Local,FAQ,1750.0,1500.0,2000.0,0.2857,1,1750.0,1400.0,2250.0,4250.0,8250.0,1514.29,2221.43,5636.67,1400.0,5750.0,152.86,3693.71,1400.0,1750.0,0.1557,0.0,0.6553,0,1,9,248,36,0,0,1,0,0,-0.902099,-0.43153,-1.0,-0.0,,,,1100.0,900.0,900.0,-0.3714
Tomato (Hybrid)__Amravati APMC__Local,2023-09-08,train,Maharashtra,Amravati,Amravati APMC,Benchmark,Tomato (Hybrid),Local,FAQ,1100.0,1000.0,1200.0,0.1818,3,1750.0,1400.0,1400.0,4000.0,10500.0,1471.43,2014.29,5323.33,1400.0,4250.0,210.2,3666.46,1100.0,1750.0,-0.2524,-0.3714,0.6888,0,4,9,251,36,0,0,1,0,0,-0.923158,-0.384421,-1.0,-0.0,,,,1100.0,900.0,900.0,0.0
Tomato (Hybrid)__Amravati APMC__Local,2023-09-09,train,Maharashtra,Amravati,Amravati APMC,Benchmark,Tomato (Hybrid),Local,FAQ,1100.0,1000.0,1200.0,0.1818,1,1100.0,1750.0,1400.0,3750.0,10500.0,1428.57,1825.0,5010.0,1400.0,4000.0,247.64,3611.93,1100.0,1750.0,-0.23,0.0,0.7209,0,5,9,252,36,0,1,1,0,0,-0.929634,-0.368484,-1.0,-0.0,,,,900.0,900.0,900.0,-0.1818
Tomato (Hybrid)__Amravati APMC__Local,2023-09-10,train,Maharashtra,Amravati,Amravati APMC,Benchmark,Tomato (Hybrid),Local,FAQ,900.0,800.0,1000.0,0.2222,1,1100.0,1750.0,1500.0,3750.0,10500.0,1342.86,1621.43,4690.0,1400.0,3750.0,305.23,3535.83,900.0,1750.0,-0.3298,-0.1818,0.7539,0,6,9,253,36,0,0,1,0,0,-0.935835,-0.352439,-1.0,-0.0,,,,900.0,900.0,900.0,0.0
Tomato (Hybrid)__Amravati APMC__Local,2023-09-11,train,Maharashtra,Amravati,Amravati APMC,Benchmark,Tomato (Hybrid),Local,FAQ,900.0,800.0,1000.0,0.2222,1,900.0,1100.0,1400.0,2250.0,11500.0,1271.43,1525.0,4336.67,1100.0,3750.0,340.02,3363.06,900.0,1750.0,-0.2921,0.0,0.7755,0,0,9,254,37,1,0,1,0,0,-0.941759,-0.336289,-1.0,-0.0,,,,900.0,900.0,900.0,0.0
Tomato (Hybrid)__Amravati APMC__Local,2023-09-12,train,Maharashtra,Amravati,Amravati APMC,Benchmark,Tomato (Hybrid),Local,FAQ,900.0,800.0,1000.0,0.2222,1,900.0,1100.0,1400.0,2250.0,11500.0,1200.0,1428.57,3983.33,1100.0,2250.0,357.57,3141.43,900.0,1750.0,-0.25,0.0,0.7886,0,1,9,255,37,0,0,1,0,0,-0.947404,-0.320039,-1.0,-0.0,,,,900.0,900.0,1100.0,0.0
Tomato (Hybrid)__Amravati APMC__Local,2023-09-13,train,Maharashtra,Amravati,Amravati APMC,Benchmark,Tomato (Hybrid),Local,FAQ,900.0,800.0,1000.0,0.2222,1,900.0,900.0,1750.0,2250.0,12500.0,1078.57,1332.14,3596.67,900.0,2250.0,287.67,2760.1,900.0,1750.0,-0.1656,0.0,0.7674,0,2,9,256,37,0,0,1,0,0,-0.952769,-0.303695,-1.0,-0.0,,,,900.0,900.0,900.0,0.0
Tomato (Hybrid)__Amravati APMC__Local,2023-09-15,train,Maharashtra,Amravati,Amravati APMC,Benchmark,Tomato (Hybrid),Local,FAQ,900.0,800.0,1000.0,0.2222,2,900.0,900.0,1750.0,2250.0,9500.0,957.14,1235.71,3310.0,900.0,2250.0,90.35,2572.3,900.0,1100.0,-0.0597,0.0,0.7771,0,4,9,258,37,0,0,1,0,0,-0.962652,-0.270742,-1.0,-0.0,,,,900.0,900.0,900.0,0.0
Tomato (Hybrid)__Amravati APMC__Local,2023-09-17,train,Maharashtra,Amravati,Amravati APMC,Benchmark,Tomato (Hybrid),Local,FAQ,900.0,800.0,1000.0,0.2222,2,900.0,900.0,1100.0,1400.0,8250.0,928.57,1200.0,3065.0,900.0,2250.0,69.99,2436.57,900.0,1100.0,-0.0308,0.0,0.795,0,6,9,260,37,0,0,1,0,0,-0.971395,-0.237468,-1.0,-0.0,,,,900.0,900.0,900.0,0.0
Tomato (Hybrid)__Amravati APMC__Local,2023-09-18,train,Maharashtra,Amravati,Amravati APMC,Benchmark,Tomato (Hybrid),Local,FAQ,900.0,800.0,1000.0,0.2222,1,900.0,900.0,1100.0,1400.0,8250.0,900.0,1164.29,2820.0,900.0,1750.0,0.0,2266.48,900.0,900.0,0.0,0.0,0.8037,0,0,9,261,38,1,0,1,0,0,-0.975336,-0.220724,-1.0,-0.0,,,,900.0,1100.0,1100.0,0.0
Tomato (Hybrid)__Amravati APMC__Local,2023-09-19,train,Maharashtra,Amravati,Amravati APMC,Benchmark,Tomato (Hybrid),Local,FAQ,900.0,800.0,1000.0,0.2222,1,900.0,900.0,900.0,1500.0,8500.0,900.0,1121.43,2566.67,900.0,1750.0,0.0,2029.83,900.0,900.0,0.0,0.0,0.7908,0,1,9,262,38,0,0,1,0,0,-0.978989,-0.203914,-1.0,-0.0,,,,900.0,900.0,1100.0,0.0
Tomato (Hybrid)__Amravati APMC__Local,2023-09-20,train,Maharashtra,Amravati,Amravati APMC,Benchmark,Tomato (Hybrid),Local,FAQ,900.0,800.0,1000.0,0.2222,1,900.0,900.0,900.0,1400.0,8500.0,900.0,1085.71,2313.33,900.0,1500.0,0.0,1724.86,900.0,900.0,0.0,0.0,0.7456,0,2,9,263,38,0,0,1,0,0,-0.982352,-0.187043,-1.0,-0.0,,,,1100.0,900.0,900.0,0.2222
Tomato (Hybrid)__Amravati APMC__Local,2023-09-21,train,Maharashtra,Amravati,Amravati APMC,Benchmark,Tomato (Hybrid),Local,FAQ,1100.0,1000.0,1200.0,0.1818,1,900.0,900.0,900.0,1400.0,6500.0,928.57,1064.29,2133.33,900.0,1400.0,69.99,1551.63,900.0,1100.0,0.1846,0.2222,0.7273,0,3,9,264,38,0,0,1,0,0,-0.985424,-0.170118,-1.0,-0.0,,,,900.0,900.0,900.0,-0.1818
Tomato (Hybrid)__Amravati APMC__Local,2023-09-22,train,Maharashtra,Amravati,Amravati APMC,Benchmark,Tomato (Hybrid),Local,FAQ,900.0,800.0,1000.0,0.2222,1,1100.0,900.0,900.0,1750.0,5750.0,928.57,1003.57,1971.67,900.0,1400.0,69.99,1412.84,900.0,1100.0,-0.0308,-0.1818,0.7166,0,4,9,265,38,0,0,1,0,0,-0.988204,-0.153142,-1.0,-0.0,,,,900.0,1100.0,900.0,0.0
Tomato (Hybrid)__Amravati APMC__Local,2023-09-23,train,Maharashtra,Amravati,Amravati APMC,Benchmark,Tomato (Hybrid),Local,FAQ,900.0,800.0,1000.0,0.2222,1,900.0,900.0,900.0,1750.0,5750.0,928.57,942.86,1810.0,900.0,1400.0,69.99,1237.9,900.0,1100.0,-0.0308,0.0,0.6839,0,5,9,266,38,0,1,1,0,0,-0.990692,-0.13612,-1.0,-0.0,,,,900.0,1100.0,900.0,0.0
Tomato (Hybrid)__Amravati APMC__Local,2023-09-24,train,Maharashtra,Amravati,Amravati APMC,Benchmark,Tomato (Hybrid),Local,FAQ,900.0,800.0,1000.0,0.2222,1,900.0,1100.0,900.0,1100.0,5750.0,928.57,928.57,1648.33,900.0,1400.0,69.99,1008.17,900.0,1100.0,-0.0308,0.0,0.6116,0,6,9,267,38,0,0,1,0,0,-0.992887,-0.119059,-1.0,-0.0,,,,1100.0,900.0,900.0,0.2222
Tomato (Hybrid)__Amravati APMC__Local,2023-09-26,train,Maharashtra,Amravati,Amravati APMC,Benchmark,Tomato (Hybrid),Local,FAQ,1100.0,1000.0,1200.0,0.1818,2,900.0,900.0,900.0,1100.0,4250.0,957.14,928.57,1543.33,900.0,1100.0,90.35,888.7,900.0,1100.0,0.1493,0.2222,0.5758,0,1,9,269,39,0,0,1,0,0,-0.996395,-0.084835,-1.0,-0.0,,,,1100.0,900.0,800.0,0.0
Tomato (Hybrid)__Amravati APMC__Local,2023-09-27,train,Maharashtra,Amravati,Amravati APMC,Benchmark,Tomato (Hybrid),Local,FAQ,1100.0,1000.0,1200.0,0.1818,1,1100.0,900.0,900.0,900.0,4000.0,985.71,942.86,1446.67,900.0,1100.0,98.97,765.39,900.0,1100.0,0.1159,0.0,0.5291,0,2,9,270,39,0,0,1,0,0,-0.997707,-0.067683,-1.0,-0.0,,,,900.0,900.0,800.0,-0.1818
Tomato (Hybrid)__Amravati APMC__Local,2023-10-02,train,Maharashtra,Amravati,Amravati APMC,Benchmark,Tomato (Hybrid),Local,FAQ,900.0,800.0,1000.0,0.2222,5,1100.0,900.0,900.0,900.0,3750.0,985.71,942.86,1351.67,900.0,1100.0,98.97,640.25,900.0,1100.0,-0.087,-0.1818,0.4737,0,0,10,275,40,1,0,1,0,0,-0.999833,0.018277,-0.866025,0.5,,,,900.0,900.0,900.0,0.0
Tomato (Hybrid)__Amravati APMC__Local,2023-10-03,train,Maharashtra,Amravati,Amravati APMC,Benchmark,Tomato (Hybrid),Local,FAQ,900.0,800.0,1000.0,0.2222,1,900.0,1100.0,1100.0,900.0,3750.0,957.14,942.86,1256.67,900.0,1100.0,90.35,464.71,900.0,1100.0,-0.0597,0.0,0.3698,0,1,10,276,40,0,0,1,0,0,-0.999371,0.035473,-0.866025,0.5,,,,900.0,900.0,900.0,0.0
Tomato (Hybrid)__Amravati APMC__Local,2023-10-04,train,Maharashtra,Amravati,Amravati APMC,Benchmark,Tomato (Hybrid),Local,FAQ,900.0,800.0,1000.0,0.2222,1,900.0,1100.0,900.0,900.0,2250.0,957.14,942.86,1211.67,900.0,1100.0,90.35,430.44,900.0,1100.0,-0.0597,0.0,0.3552,0,2,10,277,40,0,0,1,0,0,-0.998613,0.052658,-0.866025,0.5,,,,900.0,800.0,900.0,0.0
Tomato (Hybrid)__Amravati APMC__Local,2023-10-06,train,Maharashtra,Amravati,Amravati APMC,Benchmark,Tomato (Hybrid),Local,FAQ,900.0,800.0,1000.0,0.2222,2,900.0,900.0,900.0,900.0,2250.0,957.14,942.86,1166.67,900.0,900.0,90.35,388.01,900.0,1100.0,-0.0597,0.0,0.3326,0,4,10,279,40,0,0,1,0,0,-0.99621,0.086977,-0.866025,0.5,,,,900.0,800.0,1100.0,0.0
Tomato (Hybrid)__Amravati APMC__Local,2023-10-07,train,Maharashtra,Amravati,Amravati APMC,Benchmark,Tomato (Hybrid),Local,FAQ,900.0,800.0,1000.0,0.2222,1,900.0,900.0,900.0,900.0,2250.0,957.14,942.86,1121.67,900.0,900.0,90.35,334.34,900.0,1100.0,-0.0597,0.0,0.2981,0,5,10,280,40,0,1,1,0,0,-0.994567,0.104101,-0.866025,0.5,,,,800.0,900.0,1000.0,-0.1111
Tomato (Hybrid)__Amravati APMC__Local,2023-10-08,train,Maharashtra,Amravati,Amravati APMC,Benchmark,Tomato (Hybrid),Local,FAQ,800.0,700.0,900.0,0.25,1,900.0,900.0,1100.0,900.0,2250.0,914.29,935.71,1073.33,900.0,900.0,83.3,265.43,800.0,1100.0,-0.125,-0.1111,0.2473,0,6,10,281,40,0,0,1,0,0,-0.992629,0.121193,-0.866025,0.5,,,,800.0,900.0,1100.0,0.0
Tomato (Hybrid)__Amravati APMC__Local,2023-10-09,train,Maharashtra,Amravati,Amravati APMC,Benchmark,Tomato (Hybrid),Local,FAQ,800.0,700.0,900.0,0.25,1,800.0,900.0,1100.0,900.0,1400.0,871.43,928.57,1053.33,900.0,900.0,45.18,262.66,800.0,900.0,-0.082,0.0,0.2494,0,0,10,282,41,1,0,1,0,0,-0.990397,0.13825,-0.866025,0.5,,,,900.0,900.0,1000.0,0.125
Tomato (Hybrid)__Amravati APMC__Local,2023-10-10,train,Maharashtra,Amravati,Amravati APMC,Benchmark,Tomato (Hybrid),Local,FAQ,900.0,800.0,1000.0,0.2222,1,800.0,900.0,900.0,900.0,1400.0,871.43,928.57,1036.67,900.0,900.0,45.18,255.91,800.0,900.0,0.0328,0.125,0.2469,0,1,10,283,41,0,0,1,0,0,-0.987873,0.155266,-0.866025,0.5,,,,900.0,1100.0,1000.0,0.0
Tomato (Hybrid)__Amravati APMC__Local,2023-10-13,train,Maharashtra,Amravati,Amravati APMC,Benchmark,Tomato (Hybrid),Local,FAQ,900.0,800.0,1000.0,0.2222,3,900.0,800.0,900.0,1100.0,1500.0,871.43,914.29,1016.67,900.0,900.0,45.18,241.98,800.0,900.0,0.0328,0.0,0.238,0,4,10,286,41,0,0,1,0,0,-0.978548,0.206018,-0.866025,0.5,,,,900.0,1000.0,1000.0,0.0
Tomato (Hybrid)__Amravati APMC__Local,2023-10-14,train,Maharashtra,Amravati,Amravati APMC,Benchmark,Tomato (Hybrid),Local,FAQ,900.0,800.0,1000.0,0.2222,1,900.0,800.0,900.0,900.0,1400.0,871.43,914.29,1000.0,900.0,900.0,45.18,232.02,800.0,900.0,0.0328,0.0,0.232,0,5,10,287,41,0,1,1,0,0,-0.97486,0.22282,-0.866025,0.5,,,,1100.0,1100.0,1000.0,0.2222
Tomato (Hybrid)__Amravati APMC__Local,2023-10-15,train,Maharashtra,Amravati,Amravati APMC,Benchmark,Tomato (Hybrid),Local,FAQ,1100.0,1000.0,1200.0,0.1818,1,900.0,900.0,900.0,900.0,1400.0,900.0,928.57,990.0,900.0,900.0,92.58,220.76,800.0,1100.0,0.2222,0.2222,0.223,0,6,10,288,41,0,0,1,0,0,-0.970882,0.239557,-0.866025,0.5,,,,1000.0,1000.0,1000.0,-0.0909
Tomato (Hybrid)__Amravati APMC__Local,2023-10-16,train,Maharashtra,Amravati,Amravati APMC,Benchmark,Tomato (Hybrid),Local,FAQ,1000.0,800.0,1200.0,0.4,1,1100.0,900.0,900.0,900.0,1750.0,914.29,935.71,965.0,900.0,900.0,98.97,169.88,800.0,1100.0,0.0937,-0.0909,0.176,0,0,10,289,42,1,0,1,0,0,-0.966618,0.256222,-0.866025,0.5,,,,1100.0,1000.0,1100.0,0.1
Tomato (Hybrid)__Amravati APMC__Local,2023-10-17,train,Maharashtra,Amravati,Amravati APMC,Benchmark,Tomato (Hybrid),Local,FAQ,1100.0,1000.0,1200.0,0.1818,1,1000.0,900.0,800.0,1100.0,1750.0,957.14,935.71,943.33,900.0,900.0,104.98,91.95,800.0,1100.0,0.1493,0.1,0.0975,0,1,10,290,42,0,0,1,0,0,-0.962068,0.272811,-0.866025,0.5,,,,1000.0,1000.0,1500.0,-0.0909
Tomato (Hybrid)__Amravati APMC__Local,2023-10-18,train,Maharashtra,Amravati,Amravati APMC,Benchmark,Tomato (Hybrid),Local,FAQ,1000.0,800.0,1200.0,0.4,1,1100.0,1100.0,800.0,1100.0,1100.0,985.71,928.57,940.0,1000.0,900.0,83.3,87.94,900.0,1100.0,0.0145,-0.0909,0.0936,0,2,10,291,42,0,0,1,0,0,-0.957232,0.28932,-0.866025,0.5,,,,1000.0,1000.0,1400.0,0.0
Tomato (Hybrid)__Amravati APMC__Local,2023-10-20,train,Maharashtra,Amravati,Amravati APMC,Benchmark,Tomato (Hybrid),Local,FAQ,1000.0,800.0,1200.0,0.4,2,1000.0,1000.0,900.0,900.0,1100.0,1000.0,935.71,936.67,1000.0,900.0,75.59,83.6,900.0,1100.0,0.0,0.0,0.0893,0,4,10,293,42,0,0,1,0,0,-0.946714,0.322076,-0.866025,0.5,,,,1000.0,1000.0,1500.0,0.0
Tomato (Hybrid)__Amravati APMC__Local,2023-10-21,train,Maharashtra,Amravati,Amravati APMC,Benchmark,Tomato (Hybrid),Local,FAQ,1000.0,800.0,1200.0,0.4,1,1000.0,1100.0,900.0,900.0,900.0,1014.29,942.86,940.0,1000.0,900.0,63.89,84.06,900.0,1100.0,-0.0141,0.0,0.0894,0,5,10,294,42,0,1,1,0,0,-0.941034,0.338313,-0.866025,0.5,,,,1000.0,1100.0,1400.0,0.0
Tomato (Hybrid)__Amravati APMC__Local,2023-10-22,train,Maharashtra,Amravati,Amravati APMC,Benchmark,Tomato (Hybrid),Local,FAQ,1000.0,800.0,1200.0,0.4,1,1000.0,1000.0,900.0,900.0,900.0,1028.57,950.0,943.33,1000.0,900.0,45.18,84.39,1000.0,1100.0,-0.0278,0.0,0.0895,0,6,10,295,42,0,0,1,0,0,-0.935075,0.35445,-0.866025,0.5,,,,1000.0,1500.0,1750.0,0.0
Tomato (Hybrid)__Amravati APMC__Local,2023-10-24,train,Maharashtra,Amravati,Amravati APMC,Benchmark,Tomato (Hybrid),Local,FAQ,1000.0,800.0,1200.0,0.4,2,1000.0,1000.0,1100.0,900.0,900.0,1014.29,957.14,946.67,1000.0,900.0,34.99,84.59,1000.0,1100.0,-0.0141,0.0,0.0894,0,1,10,297,43,0,0,1,0,0,-0.922329,0.386405,-0.866025,0.5,,,,1100.0,1400.0,1700.0,0.1
Tomato (Hybrid)__Amravati APMC__Local,2023-10-25,train,Maharashtra,Amravati,Amravati APMC,Benchmark,Tomato (Hybrid),Local,FAQ,1100.0,1000.0,1200.0,0.1818,1,1000.0,1000.0,1000.0,900.0,900.0,1028.57,971.43,953.33,1000.0,900.0,45.18,88.44,1000.0,1100.0,0.0694,0.1,0.0928,0,2,10,298,43,0,0,1,0,0,-0.915546,0.402214,-0.866025,0.5,,,,1500.0,1500.0,1500.0,0.3636
Tomato (Hybrid)__Amravati APMC__Local,2023-10-27,train,Maharashtra,Amravati,Amravati APMC,Benchmark,Tomato (Hybrid),Local,FAQ,1500.0,1400.0,1600.0,0.1333,2,1100.0,1000.0,1100.0,800.0,900.0,1085.71,1021.43,973.33,1000.0,900.0,172.61,131.49,1000.0,1500.0,0.3816,0.3636,0.1351,0,4,10,300,43,0,0,1,0,0,-0.901169,0.433469,-0.866025,0.5,,,,1400.0,1400.0,1300.0,-0.0667
Tomato (Hybrid)__Amravati APMC__Local,2023-10-28,train,Maharashtra,Amravati,Amravati APMC,Benchmark,Tomato (Hybrid),Local,FAQ,1400.0,1200.0,1600.0,0.2857,1,1500.0,1000.0,1000.0,800.0,900.0,1142.86,1064.29,990.0,1000.0,900.0,198.98,151.33,1000.0,1500.0,0.225,-0.0667,0.1529,0,5,10,301,43,0,1,1,0,0,-0.893579,0.448906,-0.866025,0.5,,,,1500.0,1750.0,,0.0714
Tomato (Hybrid)__Amravati APMC__Local,2023-10-29,train,Maharashtra,Amravati,Amravati APMC,Benchmark,Tomato (Hybrid),Local,FAQ,1500.0,1200.0,1800.0,0.4,1,1400.0,1100.0,1000.0,900.0,900.0,1214.29,1107.14,1010.0,1100.0,1000.0,223.15,175.78,1000.0,1500.0,0.2353,0.0714,0.174,0,6,10,302,43,0,0,1,0,0,-0.885725,0.46421,-0.866025,0.5,,,,1400.0,1700.0,,-0.0667
Tomato (Hybrid)__Amravati APMC__Local,2023-10-30,train,Maharashtra,Amravati,Amravati APMC,Benchmark,Tomato (Hybrid),Local,FAQ,1400.0,1200.0,1600.0,0.2857,1,1500.0,1500.0,1000.0,900.0,900.0,1271.43,1142.86,1026.67,1400.0,1000.0,211.89,187.85,1000.0,1500.0,0.1011,-0.0667,0.183,0,0,10,303,44,1,0,1,0,0,-0.877609,0.479378,-0.866025,0.5,,,,1750.0,1500.0,,0.25
Tomato (Hybrid)__Amravati APMC__Local,2023-10-31,train,Maharashtra,Amravati,Amravati APMC,Benchmark,Tomato (Hybrid),Local,FAQ,1750.0,1500.0,2000.0,0.2857,1,1400.0,1400.0,1000.0,900.0,900.0,1378.57,1203.57,1055.0,1400.0,1000.0,235.82,226.7,1000.0,1750.0,0.2694,0.25,0.2149,0,1,10,304,44,0,0,1,0,0,-0.869233,0.494403,-0.866025,0.5,,,,1700.0,1300.0,,-0.0286
Tomato (Hybrid)__Amravati APMC__Local,2023-11-01,train,Maharashtra,Amravati,Amravati APMC,Benchmark,Tomato (Hybrid),Local,FAQ,1700.0,1400.0,2000.0,0.3529,1,1750.0,1500.0,1000.0,1100.0,1100.0,1478.57,1246.43,1075.0,1500.0,1000.0,199.74,254.54,1100.0,1750.0,0.1498,-0.0286,0.2368,0,2,11,305,44,0,0,0,1,0,-0.8606,0.509282,-0.5,0.866025,,,,1500.0,,,-0.1176
Tomato (Hybrid)__Amravati APMC__Local,2023-11-04,train,Maharashtra,Amravati,Amravati APMC,Benchmark,Tomato (Hybrid),Local,FAQ,1500.0,1400.0,1600.0,0.1333,3,1700.0,1400.0,1100.0,1000.0,900.0,1535.71,1282.14,1095.0,1500.0,1000.0,127.38,263.42,1400.0,1750.0,-0.0233,-0.1176,0.2406,0,5,11,308,44,0,1,0,1,0,-0.833183,0.552997,-0.5,0.866025,,,,1300.0,,,-0.1333
Tomato (Hybrid)__Amravati APMC__Local,2023-11-06,train,Maharashtra,Amravati,Amravati APMC,Benchmark,Tomato (Hybrid),Local,FAQ,1300.0,1200.0,1400.0,0.1538,2,1500.0,1750.0,1500.0,1100.0,900.0,1507.14,1296.43,1108.33,1500.0,1000.0,152.19,263.34,1300.0,1750.0,-0.1374,-0.1333,0.2376,0,0,11,310,45,1,0,0,1,0,-0.813668,0.58133,-0.5,0.866025,,,,,,,
Tomato (Hybrid)__Junnar APMC (Narayangaon Sub-yard)__Local,2023-07-13,train,Maharashtra,Pune,Junnar APMC (Narayangaon Sub-yard),Pune Cluster,Tomato (Hybrid),Local,FAQ,7000.0,4000.0,9500.0,0.7857,1,8000.0,8000.0,5000.0,4000.0,1000.0,7285.71,6464.29,4406.67,8000.0,4000.0,880.63,2227.69,6000.0,8000.0,-0.0392,-0.125,0.5055,0,3,7,194,28,0,0,1,0,0,-0.194431,-0.980916,-0.5,-0.866025,,,,6000.0,8000.0,7000.0,-0.1429
Tomato (Hybrid)__Junnar APMC (Narayangaon Sub-yard)__Local,2023-07-14,train,Maharashtra,Pune,Junnar APMC (Narayangaon Sub-yard),Pune Cluster,Tomato (Hybrid),Local,FAQ,6000.0,4000.0,9000.0,0.8333,1,7000.0,8000.0,6000.0,4500.0,1000.0,7285.71,6571.43,4573.33,8000.0,4500.0,880.63,2152.35,6000.0,8000.0,-0.1765,-0.1429,0.4706,0,4,7,195,28,0,0,1,0,0,-0.211276,-0.977426,-0.5,-0.866025,,,,8000.0,8000.0,7000.0,0.3333
Tomato (Hybrid)__Junnar APMC (Narayangaon Sub-yard)__Local,2023-07-15,train,Maharashtra,Pune,Junnar APMC (Narayangaon Sub-yard),Pune Cluster,Tomato (Hybrid),Local,FAQ,8000.0,5000.0,10000.0,0.625,1,6000.0,8000.0,6000.0,4500.0,1200.0,7571.43,6821.43,4800.0,8000.0,4500.0,728.43,2143.21,6000.0,8000.0,0.0566,0.3333,0.4465,0,5,7,196,28,0,1,1,0,0,-0.228058,-0.973648,-0.5,-0.866025,,,,8000.0,7000.0,8000.0,0.0
Tomato (Hybrid)__Junnar APMC (Narayangaon Sub-yard)__Local,2023-07-16,train,Maharashtra,Pune,Junnar APMC (Narayangaon Sub-yard),Pune Cluster,Tomato (Hybrid),Local,FAQ,8000.0,5000.0,10500.0,0.6875,1,8000.0,7000.0,8000.0,5500.0,1500.0,7571.43,7000.0,5016.67,8000.0,5000.0,728.43,2127.14,6000.0,8000.0,0.0566,0.0,0.424,0,6,7,197,28,0,0,1,0,0,-0.244772,-0.969581,-0.5,-0.866025,,,,8000.0,6500.0,9000.0,0.0
Tomato (Hybrid)__Junnar APMC (Narayangaon Sub-yard)__Local,2023-07-17,train,Maharashtra,Pune,Junnar APMC (Narayangaon Sub-yard),Pune Cluster,Tomato (Hybrid),Local,FAQ,8000.0,5000.0,10500.0,0.6875,1,8000.0,6000.0,8000.0,5500.0,2000.0,7571.43,7178.57,5216.67,8000.0,5500.0,728.43,2116.14,6000.0,8000.0,0.0566,0.0,0.4057,0,0,7,198,29,1,0,1,0,0,-0.261414,-0.965227,-0.5,-0.866025,,,,7000.0,7000.0,7500.0,-0.125
Tomato (Hybrid)__Junnar APMC (Narayangaon Sub-yard)__Local,2023-07-20,train,Maharashtra,Pune,Junnar APMC (Narayangaon Sub-yard),Pune Cluster,Tomato (Hybrid),Local,FAQ,7000.0,3000.0,10000.0,1.0,3,8000.0,8000.0,8000.0,6500.0,2500.0,7428.57,7214.29,5366.67,8000.0,5500.0,728.43,2077.39,6000.0,8000.0,-0.0577,-0.125,0.3871,0,3,7,201,29,0,0,1,0,0,-0.310857,-0.950457,-0.5,-0.866025,,,,6500.0,7000.0,7000.0,-0.0714
Tomato (Hybrid)__Junnar APMC (Narayangaon Sub-yard)__Local,2023-07-21,train,Maharashtra,Pune,Junnar APMC (Narayangaon Sub-yard),Pune Cluster,Tomato (Hybrid),Local,FAQ,6500.0,3000.0,10000.0,1.0769,1,7000.0,8000.0,8000.0,8000.0,2500.0,7214.29,7107.14,5500.0,7000.0,6000.0,749.15,2016.6,6000.0,8000.0,-0.099,-0.0714,0.3667,0,4,7,202,29,0,0,1,0,0,-0.32716,-0.944969,-0.5,-0.866025,,,,7000.0,8000.0,7500.0,0.0769
Tomato (Hybrid)__Junnar APMC (Narayangaon Sub-yard)__Local,2023-07-22,train,Maharashtra,Pune,Junnar APMC (Narayangaon Sub-yard),Pune Cluster,Tomato (Hybrid),Local,FAQ,7000.0,3000.0,10000.0,1.0,1,6500.0,8000.0,7000.0,5000.0,2500.0,7214.29,7250.0,5650.0,7000.0,6000.0,749.15,1954.27,6000.0,8000.0,-0.0297,0.0769,0.3459,0,5,7,203,29,0,1,1,0,0,-0.343367,-0.939201,-0.5,-0.866025,,,,7000.0,9000.0,7000.0,0.0
Tomato (Hybrid)__Junnar APMC (Narayangaon Sub-yard)__Local,2023-07-23,train,Maharashtra,Pune,Junnar APMC (Narayangaon Sub-yard),Pune Cluster,Tomato (Hybrid),Local,FAQ,7000.0,3000.0,11000.0,1.1429,1,7000.0,7000.0,6000.0,6000.0,2500.0,7357.14,7321.43,5800.0,7000.0,6000.0,580.29,1877.94,6500.0,8000.0,-0.0485,0.0,0.3238,0,6,7,204,29,0,0,1,0,0,-0.359472,-0.933156,-0.5,-0.866025,,,,8000.0,7500.0,8000.0,0.1429
Tomato (Hybrid)__Junnar APMC (Narayangaon Sub-yard)__Local,2023-07-24,train,Maharashtra,Pune,Junnar APMC (Narayangaon Sub-yard),Pune Cluster,Tomato (Hybrid),Local,FAQ,8000.0,3000.0,11000.0,1.0,1,7000.0,6500.0,8000.0,6000.0,2000.0,7357.14,7464.29,6000.0,7000.0,6500.0,580.29,1779.51,6500.0,8000.0,0.0874,0.1429,0.2966,0,0,7,205,30,1,0,1,0,0,-0.37547,-0.926834,-0.5,-0.866025,,,,9000.0,7000.0,10000.0,0.125
Tomato (Hybrid)__Junnar APMC (Narayangaon Sub-yard)__Local,2023-07-25,train,Maharashtra,Pune,Junnar APMC (Narayangaon Sub-yard),Pune Cluster,Tomato (Hybrid),Local,FAQ,9000.0,3000.0,11000.0,0.8889,1,8000.0,7000.0,8000.0,8000.0,2500.0,7500.0,7535.71,6216.67,7000.0,6500.0,801.78,1735.34,6500.0,9000.0,0.2,0.125,0.2791,0,1,7,206,30,0,0,1,0,0,-0.391358,-0.920239,-0.5,-0.866025,,,,7500.0,7500.0,9000.0,-0.1667
Tomato (Hybrid)__Junnar APMC (Narayangaon Sub-yard)__Local,2023-07-26,train,Maharashtra,Pune,Junnar APMC (Narayangaon Sub-yard),Pune Cluster,Tomato (Hybrid),Local,FAQ,7500.0,3000.0,10750.0,1.0333,1,9000.0,7000.0,8000.0,8000.0,3000.0,7428.57,7500.0,6366.67,7000.0,7000.0,775.91,1642.83,6500.0,9000.0,0.0096,-0.1667,0.258,0,2,7,207,30,0,0,1,0,0,-0.407129,-0.91337,-0.5,-0.866025,,,,7000.0,7000.0,9500.0,-0.0667
Tomato (Hybrid)__Junnar APMC (Narayangaon Sub-yard)__Local,2023-07-27,train,Maharashtra,Pune,Junnar APMC (Narayangaon Sub-yard),Pune Cluster,Tomato (Hybrid),Local,FAQ,7000.0,3000.0,11000.0,1.1429,1,7500.0,8000.0,7000.0,8000.0,3000.0,7428.57,7428.57,6500.0,7000.0,7000.0,775.91,1522.06,6500.0,9000.0,-0.0577,-0.0667,0.2342,0,3,7,208,30,0,0,1,0,0,-0.422781,-0.906232,-0.5,-0.866025,,,,7500.0,8000.0,7500.0,0.0714
Tomato (Hybrid)__Junnar APMC (Narayangaon Sub-yard)__Local,2023-07-28,train,Maharashtra,Pune,Junnar APMC (Narayangaon Sub-yard),Pune Cluster,Tomato (Hybrid),Local,FAQ,7500.0,3000.0,11000.0,1.0667,1,7000.0,9000.0,6500.0,8000.0,3500.0,7571.43,7392.86,6633.33,7500.0,7000.0,677.63,1425.56,7000.0,9000.0,-0.0094,0.0714,0.2149,0,4,7,209,30,0,0,1,0,0,-0.438307,-0.898825,-0.5,-0.866025,,,,7000.0,10000.0,7000.0,-0.0667
Tomato (Hybrid)__Junnar APMC (Narayangaon Sub-yard)__Local,2023-07-29,train,Maharashtra,Pune,Junnar APMC (Narayangaon Sub-yard),Pune Cluster,Tomato (Hybrid),Local,FAQ,7000.0,3000.0,11000.0,1.1429,1,7500.0,7500.0,7000.0,7000.0,4000.0,7571.43,7392.86,6733.33,7500.0,7000.0,677.63,1339.98,7000.0,9000.0,-0.0755,-0.0667,0.199,0,5,7,210,30,0,1,1,0,0,-0.453703,-0.891153,-0.5,-0.866025,,,,8000.0,9000.0,9000.0,0.1429
Tomato (Hybrid)__Junnar APMC (Narayangaon Sub-yard)__Local,2023-07-30,train,Maharashtra,Pune,Junnar APMC (Narayangaon Sub-yard),Pune Cluster,Tomato (Hybrid),Local,FAQ,8000.0,5000.0,12000.0,0.875,1,7000.0,7000.0,7000.0,6000.0,4000.0,7714.29,7535.71,6866.67,7500.0,7000.0,646.81,1257.86,7000.0,9000.0,0.037,0.1429,0.1832,0,6,7,211,30,0,0,1,0,0,-0.468965,-0.883217,-0.5,-0.866025,,,,10000.0,9500.0,2000.0,0.25
Tomato (Hybrid)__Junnar APMC (Narayangaon Sub-yard)__Local,2023-07-31,train,Maharashtra,Pune,Junnar APMC (Narayangaon Sub-yard),Pune Cluster,Tomato (Hybrid),Local,FAQ,10000.0,5000.0,15500.0,1.05,1,8000.0,7500.0,8000.0,8000.0,4000.0,8000.0,7678.57,7066.67,7500.0,7000.0,1035.1,1263.15,7000.0,10000.0,0.25,0.25,0.1787,0,0,7,212,31,1,0,1,0,0,-0.484089,-0.875019,-0.5,-0.866025,,,,9000.0,7500.0,1000.0,-0.1
Tomato (Hybrid)__Junnar APMC (Narayangaon Sub-yard)__Local,2023-08-01,train,Maharashtra,Pune,Junnar APMC (Narayangaon Sub-yard),Pune Cluster,Tomato (Hybrid),Local,FAQ,9000.0,3000.0,12000.0,1.0,1,10000.0,7000.0,9000.0,8000.0,4500.0,8000.0,7750.0,7216.67,7500.0,7500.0,1035.1,1215.75,7000.0,10000.0,0.125,-0.1,0.1685,0,1,8,213,31,0,0,1,0,0,-0.499069,-0.866562,-0.866025,-0.5,,,,9500.0,7000.0,400.0,0.0556
Tomato (Hybrid)__Junnar APMC (Narayangaon Sub-yard)__Local,2023-08-02,train,Maharashtra,Pune,Junnar APMC (Narayangaon Sub-yard),Pune Cluster,Tomato (Hybrid),Local,FAQ,9500.0,3000.0,11500.0,0.8947,1,9000.0,8000.0,7500.0,8000.0,4500.0,8285.71,7857.14,7383.33,8000.0,7500.0,1129.38,1173.91,7000.0,10000.0,0.1466,0.0556,0.159,0,2,8,214,31,0,0,1,0,0,-0.513901,-0.857849,-0.866025,-0.5,,,,7500.0,9000.0,550.0,-0.2105
Tomato (Hybrid)__Junnar APMC (Narayangaon Sub-yard)__Local,2023-08-03,train,Maharashtra,Pune,Junnar APMC (Narayangaon Sub-yard),Pune Cluster,Tomato (Hybrid),Local,FAQ,7500.0,3000.0,10500.0,1.0,1,9500.0,10000.0,7000.0,7000.0,5500.0,8357.14,7892.86,7450.0,8000.0,7500.0,1059.46,1120.64,7000.0,10000.0,-0.1026,-0.2105,0.1504,0,3,8,215,31,0,0,1,0,0,-0.528581,-0.848883,-0.866025,-0.5,,,,7000.0,2000.0,500.0,-0.0667
Tomato (Hybrid)__Junnar APMC (Narayangaon Sub-yard)__Local,2023-08-04,train,Maharashtra,Pune,Junnar APMC (Narayangaon Sub-yard),Pune Cluster,Tomato (Hybrid),Local,FAQ,7000.0,2500.0,11000.0,1.2143,1,7500.0,9000.0,7500.0,6500.0,5500.0,8285.71,7928.57,7500.0,8000.0,7500.0,1129.38,1064.58,7000.0,10000.0,-0.1552,-0.0667,0.1419,0,4,8,216,31,0,0,1,0,0,-0.543105,-0.839665,-0.866025,-0.5,,,,9000.0,1000.0,1000.0,0.2857
Tomato (Hybrid)__Junnar APMC (Narayangaon Sub-yard)__Local,2023-08-06,train,Maharashtra,Pune,Junnar APMC (Narayangaon Sub-yard),Pune Cluster,Tomato (Hybrid),Local,FAQ,9000.0,2500.0,12000.0,1.0556,2,7000.0,9500.0,7000.0,7000.0,6500.0,8571.43,8071.43,7583.33,9000.0,8000.0,1015.19,1080.77,7000.0,10000.0,0.05,0.2857,0.1425,0,6,8,218,31,0,0,1,0,0,-0.571667,-0.820486,-0.866025,-0.5,,,,2000.0,400.0,,-0.7778
Tomato (Hybrid)__Junnar APMC (Narayangaon Sub-yard)__Local,2023-08-21,train,Maharashtra,Pune,Junnar APMC (Narayangaon Sub-yard),Pune Cluster,Tomato (Hybrid),Local,FAQ,2000.0,1000.0,3000.0,1.0,15,9000.0,7500.0,8000.0,7000.0,8000.0,7714.29,7714.29,7383.33,9000.0,7500.0,2533.45,1470.17,2000.0,10000.0,-0.7407,-0.7778,0.1991,0,0,8,233,34,1,0,1,0,0,-0.762114,-0.647443,-0.866025,-0.5,,,,1000.0,550.0,,-0.5
Tomato (Hybrid)__Junnar APMC (Narayangaon Sub-yard)__Local,2023-09-02,train,Maharashtra,Pune,Junnar APMC (Narayangaon Sub-yard),Pune Cluster,Tomato (Hybrid),Local,FAQ,1000.0,500.0,1500.0,1.0,12,2000.0,7000.0,10000.0,8000.0,5000.0,6428.57,7214.29,7250.0,7500.0,7500.0,3234.07,1820.03,1000.0,9500.0,-0.8444,-0.5,0.251,0,5,9,245,35,0,1,1,0,0,-0.878637,-0.477489,-1.0,-0.0,,,,400.0,500.0,,-0.6
Tomato (Hybrid)__Junnar APMC (Narayangaon Sub-yard)__Local,2023-09-11,train,Maharashtra,Pune,Junnar APMC (Narayangaon Sub-yard),Pune Cluster,Tomato (Hybrid),Local,FAQ,400.0,250.0,600.0,0.875,9,1000.0,9000.0,9000.0,9000.0,6000.0,5200.0,6600.0,7063.33,7000.0,7500.0,3632.79,2188.53,400.0,9500.0,-0.9231,-0.6,0.3098,0,0,9,254,37,1,0,1,0,0,-0.941759,-0.336289,-1.0,-0.0,,,,550.0,1000.0,,0.375
Tomato (Hybrid)__Junnar APMC (Narayangaon Sub-yard)__Local,2023-09-27,train,Maharashtra,Pune,Junnar APMC (Narayangaon Sub-yard),Pune Cluster,Tomato (Hybrid),Local,FAQ,550.0,250.0,750.0,0.9091,16,400.0,2000.0,9500.0,7500.0,6000.0,3921.43,6103.57,6881.67,2000.0,7500.0,3465.53,2476.51,400.0,9000.0,-0.8597,0.375,0.3599,0,2,9,270,39,0,0,1,0,0,-0.997707,-0.067683,-1.0,-0.0,,,,500.0,,,-0.0909
Tomato (Hybrid)__Junnar APMC (Narayangaon Sub-yard)__Local,2023-10-03,train,Maharashtra,Pune,Junnar APMC (Narayangaon Sub-yard),Pune Cluster,Tomato (Hybrid),Local,FAQ,500.0,250.0,750.0,1.0,6,550.0,1000.0,7500.0,7000.0,8000.0,2921.43,5639.29,6631.67,1000.0,7500.0,3294.35,2717.8,400.0,9000.0,-0.8289,-0.0909,0.4098,0,1,10,276,40,0,0,1,0,0,-0.999371,0.035473,-0.866025,0.5,,,,1000.0,,,1.0
Tomato (Hybrid)__Junnar APMC (Narayangaon Sub-yard)__Local,2023-11-03,train,Maharashtra,Pune,Junnar APMC (Narayangaon Sub-yard),Pune Cluster,Tomato (Hybrid),Local,FAQ,1000.0,500.0,1500.0,1.0,31,500.0,400.0,7000.0,7500.0,8000.0,2064.29,5175.0,6398.33,1000.0,7500.0,2875.6,2885.61,400.0,9000.0,-0.5156,1.0,0.451,0,4,11,307,44,0,0,0,1,0,-0.842572,0.538584,-0.5,0.866025,,,,,,,
Tomato (Hybrid)__Jalgaon APMC__Other,2023-07-13,train,Maharashtra,Jalgaon,Jalgaon APMC,Benchmark,Tomato (Hybrid),Other,FAQ,4000.0,3000.0,7000.0,1.0,1,5000.0,6000.0,7000.0,4000.0,1000.0,5142.86,5000.0,3516.67,5000.0,4000.0,832.99,1774.46,4000.0,6000.0,-0.2222,-0.2,0.5046,0,3,7,194,28,0,0,1,0,0,-0.194431,-0.980916,-0.5,-0.866025,,,,4700.0,5200.0,3500.0,0.175
Tomato (Hybrid)__Jalgaon APMC__Other,2023-07-14,train,Maharashtra,Jalgaon,Jalgaon APMC,Benchmark,Tomato (Hybrid),Other,FAQ,4700.0,3000.0,6500.0,0.7447,1,4000.0,6000.0,6000.0,4000.0,1000.0,4957.14,5050.0,3640.0,5000.0,4000.0,763.18,1723.1,4000.0,6000.0,-0.0519,0.175,0.4734,0,4,7,195,28,0,0,1,0,0,-0.211276,-0.977426,-0.5,-0.866025,,,,5000.0,6000.0,5000.0,0.0638
Tomato (Hybrid)__Jalgaon APMC__Other,2023-07-15,train,Maharashtra,Jalgaon,Jalgaon APMC,Benchmark,Tomato (Hybrid),Other,FAQ,5000.0,3500.0,6500.0,0.6,1,4700.0,5000.0,4000.0,3000.0,900.0,5100.0,5192.86,3776.67,5000.0,4000.0,656.83,1661.86,4000.0,6000.0,-0.0196,0.0638,0.44,0,5,7,196,28,0,1,1,0,0,-0.228058,-0.973648,-0.5,-0.866025,,,,5200.0,6000.0,6000.0,0.04
Tomato (Hybrid)__Jalgaon APMC__Other,2023-07-17,train,Maharashtra,Jalgaon,Jalgaon APMC,Benchmark,Tomato (Hybrid),Other,FAQ,5200.0,3500.0,7000.0,0.6731,2,5000.0,4000.0,5000.0,3500.0,1200.0,5128.57,5314.29,3910.0,5000.0,4000.0,656.21,1609.42,4000.0,6000.0,0.0139,0.04,0.4116,0,0,7,198,29,1,0,1,0,0,-0.261414,-0.965227,-0.5,-0.866025,,,,6000.0,5000.0,5000.0,0.1538
Tomato (Hybrid)__Jalgaon APMC__Other,2023-07-18,train,Maharashtra,Jalgaon,Jalgaon APMC,Benchmark,Tomato (Hybrid),Other,FAQ,6000.0,4000.0,8000.0,0.6667,1,5200.0,4700.0,6000.0,5500.0,800.0,5128.57,5350.0,4083.33,5000.0,4000.0,656.21,1543.82,4000.0,6000.0,0.1699,0.1538,0.3781,0,1,7,199,29,0,0,1,0,0,-0.277979,-0.960587,-0.5,-0.866025,,,,6000.0,3500.0,6000.0,0.0
Tomato (Hybrid)__Jalgaon APMC__Other,2023-07-19,train,Maharashtra,Jalgaon,Jalgaon APMC,Benchmark,Tomato (Hybrid),Other,FAQ,6000.0,5000.0,8000.0,0.5,1,6000.0,5000.0,6000.0,5000.0,1800.0,5128.57,5421.43,4223.33,5000.0,4000.0,656.21,1520.68,4000.0,6000.0,0.1699,0.0,0.3601,0,2,7,200,29,0,0,1,0,0,-0.294462,-0.955663,-0.5,-0.866025,,,,5000.0,5000.0,7000.0,-0.1667
Tomato (Hybrid)__Jalgaon APMC__Other,2023-07-20,train,Maharashtra,Jalgaon,Jalgaon APMC,Benchmark,Tomato (Hybrid),Other,FAQ,5000.0,3000.0,7000.0,0.8,1,6000.0,5200.0,5000.0,6000.0,2200.0,5128.57,5350.0,4316.67,5000.0,4700.0,656.21,1478.98,4000.0,6000.0,-0.0251,-0.1667,0.3426,0,3,7,201,29,0,0,1,0,0,-0.310857,-0.950457,-0.5,-0.866025,,,,3500.0,6000.0,7000.0,-0.3
Tomato (Hybrid)__Jalgaon APMC__Other,2023-07-22,train,Maharashtra,Jalgaon,Jalgaon APMC,Benchmark,Tomato (Hybrid),Other,FAQ,3500.0,2000.0,5000.0,0.8571,2,5000.0,6000.0,4000.0,7000.0,2700.0,5057.14,5100.0,4343.33,5000.0,4700.0,788.95,1456.64,3500.0,6000.0,-0.3079,-0.3,0.3354,0,5,7,203,29,0,1,1,0,0,-0.343367,-0.939201,-0.5,-0.866025,,,,5000.0,5000.0,7000.0,0.4286
Tomato (Hybrid)__Jalgaon APMC__Other,2023-07-24,train,Maharashtra,Jalgaon,Jalgaon APMC,Benchmark,Tomato (Hybrid),Other,FAQ,5000.0,2500.0,7500.0,1.0,2,3500.0,6000.0,4700.0,6000.0,1500.0,5100.0,5028.57,4460.0,5000.0,5000.0,776.44,1361.27,3500.0,6000.0,-0.0196,0.4286,0.3052,0,0,7,205,30,1,0,1,0,0,-0.37547,-0.926834,-0.5,-0.866025,,,,6000.0,6000.0,7000.0,0.2
Tomato (Hybrid)__Jalgaon APMC__Other,2023-07-25,train,Maharashtra,Jalgaon,Jalgaon APMC,Benchmark,Tomato (Hybrid),Other,FAQ,6000.0,5000.0,8000.0,0.5,1,5000.0,5000.0,5000.0,4000.0,1400.0,5242.86,5171.43,4613.33,5200.0,5000.0,834.71,1263.52,3500.0,6000.0,0.1444,0.2,0.2739,0,1,7,206,30,0,0,1,0,0,-0.391358,-0.920239,-0.5,-0.866025,,,,5000.0,7000.0,6000.0,-0.1667
Tomato (Hybrid)__Jalgaon APMC__Other,2023-07-26,train,Maharashtra,Jalgaon,Jalgaon APMC,Benchmark,Tomato (Hybrid),Other,FAQ,5000.0,3000.0,7000.0,0.8,1,6000.0,3500.0,5200.0,5000.0,2500.0,5214.29,5171.43,4696.67,5000.0,5000.0,839.1,1202.35,3500.0,6000.0,-0.0411,-0.1667,0.256,0,2,7,207,30,0,0,1,0,0,-0.407129,-0.91337,-0.5,-0.866025,,,,6000.0,7000.0,6500.0,0.2
Tomato (Hybrid)__Jalgaon APMC__Other,2023-07-27,train,Maharashtra,Jalgaon,Jalgaon APMC,Benchmark,Tomato (Hybrid),Other,FAQ,6000.0,4000.0,8000.0,0.6667,1,5000.0,5000.0,6000.0,6000.0,2000.0,5214.29,5171.43,4830.0,5000.0,5000.0,839.1,1114.5,3500.0,6000.0,0.1507,0.2,0.2307,0,3,7,208,30,0,0,1,0,0,-0.422781,-0.906232,-0.5,-0.866025,,,,7000.0,7000.0,7500.0,0.1667
Tomato (Hybrid)__Jalgaon APMC__Other,2023-07-28,train,Maharashtra,Jalgaon,Jalgaon APMC,Benchmark,Tomato (Hybrid),Other,FAQ,7000.0,5000.0,9000.0,0.5714,1,6000.0,6000.0,6000.0,6000.0,2000.0,5357.14,5242.86,4996.67,5000.0,5000.0,1025.19,1050.87,3500.0,7000.0,0.3067,0.1667,0.2103,0,4,7,209,30,0,0,1,0,0,-0.438307,-0.898825,-0.5,-0.866025,,,,7000.0,7000.0,6000.0,0.0
Tomato (Hybrid)__Jalgaon APMC__Other,2023-07-31,train,Maharashtra,Jalgaon,Jalgaon APMC,Benchmark,Tomato (Hybrid),Other,FAQ,7000.0,5000.0,9000.0,0.5714,3,7000.0,5000.0,5000.0,5000.0,3500.0,5642.86,5385.71,5113.33,6000.0,5000.0,1156.17,1072.3,3500.0,7000.0,0.2405,0.0,0.2097,0,0,7,212,31,1,0,1,0,0,-0.484089,-0.875019,-0.5,-0.866025,,,,7000.0,6000.0,6000.0,0.0
Tomato (Hybrid)__Jalgaon APMC__Other,2023-08-01,train,Maharashtra,Jalgaon,Jalgaon APMC,Benchmark,Tomato (Hybrid),Other,FAQ,7000.0,4000.0,9000.0,0.7143,1,7000.0,6000.0,3500.0,4000.0,4000.0,6142.86,5600.0,5213.33,6000.0,5000.0,832.99,1103.25,5000.0,7000.0,0.1395,0.0,0.2116,0,1,8,213,31,0,0,1,0,0,-0.499069,-0.866562,-0.866025,-0.5,,,,7000.0,6500.0,600.0,0.0
Tomato (Hybrid)__Jalgaon APMC__Other,2023-08-02,train,Maharashtra,Jalgaon,Jalgaon APMC,Benchmark,Tomato (Hybrid),Other,FAQ,7000.0,4000.0,10000.0,0.8571,1,7000.0,7000.0,5000.0,4700.0,4000.0,6428.57,5764.29,5313.33,7000.0,5200.0,728.43,1124.49,5000.0,7000.0,0.0889,0.0,0.2116,0,2,8,214,31,0,0,1,0,0,-0.513901,-0.857849,-0.866025,-0.5,,,,6000.0,7500.0,500.0,-0.1429
Tomato (Hybrid)__Jalgaon APMC__Other,2023-08-03,train,Maharashtra,Jalgaon,Jalgaon APMC,Benchmark,Tomato (Hybrid),Other,FAQ,6000.0,5000.0,11500.0,1.0833,1,7000.0,7000.0,6000.0,5000.0,4000.0,6428.57,5835.71,5380.0,7000.0,5500.0,728.43,1103.75,5000.0,7000.0,-0.0667,-0.1429,0.2052,0,3,8,215,31,0,0,1,0,0,-0.528581,-0.848883,-0.866025,-0.5,,,,6500.0,6000.0,,0.0833
Tomato (Hybrid)__Jalgaon APMC__Other,2023-08-04,train,Maharashtra,Jalgaon,Jalgaon APMC,Benchmark,Tomato (Hybrid),Other,FAQ,6500.0,3500.0,9500.0,0.9231,1,6000.0,7000.0,5000.0,5200.0,4000.0,6642.86,5928.57,5463.33,7000.0,6000.0,440.32,1090.71,6000.0,7000.0,-0.0215,0.0833,0.1996,0,4,8,216,31,0,0,1,0,0,-0.543105,-0.839665,-0.866025,-0.5,,,,7500.0,6000.0,,0.1538
Tomato (Hybrid)__Jalgaon APMC__Other,2023-08-05,train,Maharashtra,Jalgaon,Jalgaon APMC,Benchmark,Tomato (Hybrid),Other,FAQ,7500.0,5000.0,11000.0,0.8,1,6500.0,7000.0,6000.0,6000.0,3000.0,6857.14,6035.71,5613.33,7000.0,6000.0,440.32,1050.31,6000.0,7500.0,0.0937,0.1538,0.1871,0,5,8,217,31,0,1,1,0,0,-0.557468,-0.830198,-0.866025,-0.5,,,,6000.0,600.0,,-0.2
Tomato (Hybrid)__Jalgaon APMC__Other,2023-08-08,train,Maharashtra,Jalgaon,Jalgaon APMC,Benchmark,Tomato (Hybrid),Other,FAQ,6000.0,4000.0,8000.0,0.6667,3,7500.0,6000.0,7000.0,6000.0,3500.0,6714.29,6035.71,5696.67,7000.0,6000.0,524.89,975.87,6000.0,7500.0,-0.1064,-0.2,0.1713,0,1,8,220,32,0,0,1,0,0,-0.599551,-0.800336,-0.866025,-0.5,,,,6000.0,500.0,,0.0
Tomato (Hybrid)__Jalgaon APMC__Other,2023-08-09,train,Maharashtra,Jalgaon,Jalgaon APMC,Benchmark,Tomato (Hybrid),Other,FAQ,6000.0,4000.0,9000.0,0.8333,1,6000.0,6500.0,7000.0,5000.0,5500.0,6571.43,6107.14,5713.33,6500.0,6000.0,562.43,976.64,6000.0,7500.0,-0.087,0.0,0.1709,0,2,8,221,32,0,0,1,0,0,-0.61323,-0.789905,-0.866025,-0.5,,,,600.0,,,-0.9
Tomato (Hybrid)__Jalgaon APMC__Other,2023-10-05,train,Maharashtra,Jalgaon,Jalgaon APMC,Benchmark,Tomato (Hybrid),Other,FAQ,600.0,400.0,700.0,0.5,57,6000.0,7500.0,7000.0,3500.0,5000.0,5657.14,5900.0,5566.67,6000.0,6000.0,2132.64,1336.75,600.0,7500.0,-0.8939,-0.9,0.2401,0,3,10,278,40,0,0,1,0,0,-0.997559,0.069828,-0.866025,0.5,,,,500.0,,,-0.1667
Tomato (Hybrid)__Jalgaon APMC__Other,2023-10-16,train,Maharashtra,Jalgaon,Jalgaon APMC,Benchmark,Tomato (Hybrid),Other,FAQ,500.0,400.0,600.0,0.4,11,600.0,6000.0,7000.0,5000.0,6000.0,4728.57,5578.57,5383.33,6000.0,6000.0,2688.45,1613.3,500.0,7500.0,-0.8943,-0.1667,0.2997,0,0,10,289,42,1,0,1,0,0,-0.966618,0.256222,-0.866025,0.5,,,,,,,
Tomato (Hybrid)__Bhusaval APMC__Other,2023-07-30,train,Maharashtra,Jalgaon,Bhusaval APMC,Other Maharashtra,Tomato (Hybrid),Other,FAQ,5500.0,5000.0,10000.0,0.9091,4,7000.0,5500.0,4800.0,6000.0,500.0,6114.29,5828.57,3483.33,5500.0,3500.0,952.33,2544.81,4800.0,7500.0,-0.1005,-0.2143,0.7306,0,6,7,211,30,0,0,1,0,0,-0.468965,-0.883217,-0.5,-0.866025,,,,11000.0,1600.0,1500.0,1.0
Tomato (Hybrid)__Bhusaval APMC__Other,2023-08-06,train,Maharashtra,Jalgaon,Bhusaval APMC,Other Maharashtra,Tomato (Hybrid),Other,FAQ,11000.0,10000.0,12000.0,0.1818,7,5500.0,5500.0,4800.0,5500.0,500.0,7000.0,6221.43,3833.33,7000.0,4800.0,1812.65,2817.84,5500.0,11000.0,0.5714,1.0,0.7351,0,6,8,218,31,0,0,1,0,0,-0.571667,-0.820486,-0.866025,-0.5,,,,2100.0,2000.0,1500.0,-0.8091
Tomato (Hybrid)__Bhusaval APMC__Other,2023-08-27,train,Maharashtra,Jalgaon,Bhusaval APMC,Other Maharashtra,Tomato (Hybrid),Other,FAQ,2100.0,2000.0,2200.0,0.0952,21,11000.0,7000.0,7500.0,6000.0,500.0,6228.57,5942.86,3886.67,5500.0,4800.0,2466.76,2768.96,2100.0,11000.0,-0.6628,-0.8091,0.7124,0,6,8,239,34,0,0,1,0,0,-0.824765,-0.565476,-0.866025,-0.5,,,,1600.0,2200.0,1000.0,-0.2381
Tomato (Hybrid)__Bhusaval APMC__Other,2023-08-30,train,Maharashtra,Jalgaon,Bhusaval APMC,Other Maharashtra,Tomato (Hybrid),Other,FAQ,1600.0,1400.0,2000.0,0.375,3,2100.0,5500.0,7000.0,3000.0,1000.0,5457.14,5842.86,3906.67,5500.0,4800.0,2909.52,2750.14,1600.0,11000.0,-0.7068,-0.2381,0.704,0,2,8,242,35,0,0,1,0,0,-0.852837,-0.522178,-0.866025,-0.5,,,,2000.0,2000.0,1200.0,0.25
Tomato (Hybrid)__Bhusaval APMC__Other,2023-08-31,train,Maharashtra,Jalgaon,Bhusaval APMC,Other Maharashtra,Tomato (Hybrid),Other,FAQ,2000.0,1500.0,2500.0,0.5,1,1600.0,11000.0,5500.0,5000.0,800.0,4957.14,5628.57,3946.67,5500.0,4800.0,3149.99,2713.14,1600.0,11000.0,-0.5965,0.25,0.6875,0,3,8,243,35,0,0,1,0,0,-0.861693,-0.50743,-0.866025,-0.5,,,,2200.0,1500.0,800.0,0.1
Tomato (Hybrid)__Bhusaval APMC__Other,2023-09-03,train,Maharashtra,Jalgaon,Bhusaval APMC,Other Maharashtra,Tomato (Hybrid),Other,FAQ,2200.0,2000.0,2500.0,0.2273,3,2000.0,2100.0,5500.0,7500.0,1000.0,4485.71,5250.0,3986.67,2200.0,4800.0,3277.82,2678.03,1600.0,11000.0,-0.5096,0.1,0.6717,0,6,9,246,35,0,0,1,0,0,-0.886721,-0.462305,-1.0,-0.0,,,,2000.0,1500.0,1200.0,-0.0909
Tomato (Hybrid)__Bhusaval APMC__Other,2023-09-08,train,Maharashtra,Jalgaon,Bhusaval APMC,Other Maharashtra,Tomato (Hybrid),Other,FAQ,2000.0,1500.0,2500.0,0.5,5,2200.0,1600.0,7000.0,7000.0,1000.0,3771.43,4892.86,4020.0,2100.0,4800.0,3195.85,2646.68,1600.0,11000.0,-0.4697,-0.0909,0.6584,0,4,9,251,36,0,0,1,0,0,-0.923158,-0.384421,-1.0,-0.0,,,,1500.0,1000.0,1200.0,-0.25
Tomato (Hybrid)__Bhusaval APMC__Other,2023-09-13,train,Maharashtra,Jalgaon,Bhusaval APMC,Other Maharashtra,Tomato (Hybrid),Other,FAQ,1500.0,1000.0,2000.0,0.6667,5,2000.0,2000.0,5500.0,4800.0,1000.0,3200.0,4657.14,4036.67,2000.0,4800.0,3193.3,2629.13,1500.0,11000.0,-0.5312,-0.25,0.6513,0,2,9,256,37,0,0,1,0,0,-0.952769,-0.303695,-1.0,-0.0,,,,1500.0,1200.0,800.0,0.0
Tomato (Hybrid)__Bhusaval APMC__Other,2023-09-16,train,Maharashtra,Jalgaon,Bhusaval APMC,Other Maharashtra,Tomato (Hybrid),Other,FAQ,1500.0,1000.0,2000.0,0.6667,3,1500.0,2200.0,11000.0,4800.0,1000.0,1842.86,4421.43,4053.33,2000.0,4800.0,277.01,2611.35,1500.0,2200.0,-0.186,0.0,0.6442,0,5,9,259,37,0,1,1,0,0,-0.967167,-0.254143,-1.0,-0.0,,,,1000.0,800.0,,-0.3333
Tomato (Hybrid)__Bhusaval APMC__Other,2023-10-04,train,Maharashtra,Jalgaon,Bhusaval APMC,Other Maharashtra,Tomato (Hybrid),Other,FAQ,1000.0,900.0,1200.0,0.3,18,1500.0,2000.0,2100.0,7500.0,1200.0,1685.71,3957.14,4046.67,1600.0,4800.0,379.58,2618.87,1000.0,2200.0,-0.4068,-0.3333,0.6472,0,2,10,277,40,0,0,1,0,0,-0.998613,0.052658,-0.866025,0.5,,,,1200.0,1200.0,,0.2
Tomato (Hybrid)__Bhusaval APMC__Other,2023-10-05,train,Maharashtra,Jalgaon,Bhusaval APMC,Other Maharashtra,Tomato (Hybrid),Other,FAQ,1200.0,1000.0,1500.0,0.4167,1,1000.0,1500.0,1600.0,7000.0,1000.0,1628.57,3542.86,4053.33,1500.0,4800.0,416.5,2611.35,1000.0,2200.0,-0.2632,0.2,0.6442,0,3,10,278,40,0,0,1,0,0,-0.997559,0.069828,-0.866025,0.5,,,,800.0,1200.0,,-0.3333
Tomato (Hybrid)__Bhusaval APMC__Other,2023-10-10,train,Maharashtra,Jalgaon,Bhusaval APMC,Other Maharashtra,Tomato (Hybrid),Other,FAQ,800.0,600.0,1000.0,0.5,5,1200.0,1500.0,2000.0,5500.0,1200.0,1457.14,3207.14,4040.0,1500.0,4800.0,471.64,2626.86,800.0,2200.0,-0.451,-0.3333,0.6502,0,1,10,283,41,0,0,1,0,0,-0.987873,0.155266,-0.866025,0.5,,,,1200.0,800.0,,0.5
Tomato (Hybrid)__Bhusaval APMC__Other,2023-10-19,train,Maharashtra,Jalgaon,Bhusaval APMC,Other Maharashtra,Tomato (Hybrid),Other,FAQ,1200.0,1000.0,1500.0,0.4167,9,800.0,1000.0,2200.0,5500.0,1000.0,1314.29,2900.0,4046.67,1200.0,4800.0,364.22,2619.38,800.0,2000.0,-0.087,0.5,0.6473,0,3,10,292,42,0,0,1,0,0,-0.952114,0.305743,-0.866025,0.5,,,,1200.0,,,0.0
Tomato (Hybrid)__Bhusaval APMC__Other,2023-10-24,train,Maharashtra,Jalgaon,Bhusaval APMC,Other Maharashtra,Tomato (Hybrid),Other,FAQ,1200.0,1000.0,1500.0,0.4167,5,1200.0,1200.0,2000.0,7000.0,1000.0,1200.0,2485.71,4053.33,1200.0,4800.0,232.99,2611.86,800.0,1500.0,0.0,0.0,0.6444,0,1,10,297,43,0,0,1,0,0,-0.922329,0.386405,-0.866025,0.5,,,,800.0,,,-0.3333
Tomato (Hybrid)__Bhusaval APMC__Other,2023-10-31,train,Maharashtra,Jalgaon,Bhusaval APMC,Other Maharashtra,Tomato (Hybrid),Other,FAQ,800.0,600.0,1000.0,0.5,7,1200.0,800.0,1500.0,5500.0,1200.0,1100.0,2150.0,4040.0,1200.0,4800.0,232.99,2627.37,800.0,1500.0,-0.2727,-0.3333,0.6503,0,1,10,304,44,0,0,1,0,0,-0.869233,0.494403,-0.866025,0.5,,,,,,,
Tomato (Hybrid)__Solapur APMC__Other,2023-07-13,train,Maharashtra,Solapur,Solapur APMC,Benchmark,Tomato (Hybrid),Other,FAQ,5500.0,1000.0,10500.0,1.7273,1,6000.0,5000.0,5000.0,2500.0,1000.0,5142.86,4300.0,2970.0,5000.0,2500.0,440.32,1462.45,4500.0,6000.0,0.0694,-0.0833,0.4924,0,3,7,194,28,0,0,1,0,0,-0.194431,-0.980916,-0.5,-0.866025,,,,6000.0,5000.0,5500.0,0.0909
Tomato (Hybrid)__Solapur APMC__Other,2023-07-14,train,Maharashtra,Solapur,Solapur APMC,Benchmark,Tomato (Hybrid),Other,FAQ,6000.0,1500.0,10500.0,1.5,1,5500.0,4500.0,5000.0,2500.0,1000.0,5285.71,4550.0,3136.67,5000.0,2500.0,524.89,1512.5,4500.0,6000.0,0.1351,0.0909,0.4822,0,4,7,195,28,0,0,1,0,0,-0.211276,-0.977426,-0.5,-0.866025,,,,6000.0,5500.0,5000.0,0.0
Tomato (Hybrid)__Solapur APMC__Other,2023-07-15,train,Maharashtra,Solapur,Solapur APMC,Benchmark,Tomato (Hybrid),Other,FAQ,6000.0,1000.0,10000.0,1.5,1,6000.0,6000.0,5000.0,3000.0,1400.0,5428.57,4764.29,3290.0,5500.0,3000.0,562.43,1561.06,4500.0,6000.0,0.1053,0.0,0.4745,0,5,7,196,28,0,1,1,0,0,-0.228058,-0.973648,-0.5,-0.866025,,,,5000.0,5000.0,5000.0,-0.1667
Tomato (Hybrid)__Solapur APMC__Other,2023-07-17,train,Maharashtra,Solapur,Solapur APMC,Benchmark,Tomato (Hybrid),Other,FAQ,5000.0,1000.0,9500.0,1.7,2,6000.0,5500.0,5000.0,3500.0,1000.0,5428.57,4871.43,3423.33,5500.0,3200.0,562.43,1530.29,4500.0,6000.0,-0.0789,-0.1667,0.447,0,0,7,198,29,1,0,1,0,0,-0.261414,-0.965227,-0.5,-0.866025,,,,5500.0,6000.0,5000.0,0.1
Tomato (Hybrid)__Solapur APMC__Other,2023-07-18,train,Maharashtra,Solapur,Solapur APMC,Benchmark,Tomato (Hybrid),Other,FAQ,5500.0,1100.0,9300.0,1.4909,1,5000.0,6000.0,5000.0,3200.0,1500.0,5500.0,5035.71,3556.67,5500.0,3500.0,534.52,1531.16,4500.0,6000.0,0.0,0.1,0.4305,0,1,7,199,29,0,0,1,0,0,-0.277979,-0.960587,-0.5,-0.866025,,,,5000.0,5500.0,5500.0,-0.0909
Tomato (Hybrid)__Solapur APMC__Other,2023-07-19,train,Maharashtra,Solapur,Solapur APMC,Benchmark,Tomato (Hybrid),Other,FAQ,5000.0,1500.0,9500.0,1.6,1,5500.0,6000.0,4500.0,3500.0,1500.0,5571.43,5142.86,3673.33,5500.0,3500.0,416.5,1503.09,5000.0,6000.0,-0.1026,-0.0909,0.4092,0,2,7,200,29,0,0,1,0,0,-0.294462,-0.955663,-0.5,-0.866025,,,,6000.0,5000.0,6000.0,0.2
Tomato (Hybrid)__Solapur APMC__Other,2023-07-20,train,Maharashtra,Solapur,Solapur APMC,Benchmark,Tomato (Hybrid),Other,FAQ,6000.0,1500.0,10000.0,1.4167,1,5000.0,5000.0,6000.0,3500.0,1500.0,5571.43,5321.43,3823.33,5500.0,3500.0,416.5,1503.26,5000.0,6000.0,0.0769,0.2,0.3932,0,3,7,201,29,0,0,1,0,0,-0.310857,-0.950457,-0.5,-0.866025,,,,5500.0,5000.0,6000.0,-0.0833
Tomato (Hybrid)__Solapur APMC__Other,2023-07-21,train,Maharashtra,Solapur,Solapur APMC,Benchmark,Tomato (Hybrid),Other,FAQ,5500.0,1500.0,9500.0,1.4545,1,6000.0,5500.0,5500.0,5000.0,2000.0,5571.43,5357.14,3940.0,5500.0,4500.0,416.5,1493.01,5000.0,6000.0,-0.0128,-0.0833,0.3789,0,4,7,202,29,0,0,1,0,0,-0.32716,-0.944969,-0.5,-0.866025,,,,5000.0,5000.0,5500.0,-0.0909
Tomato (Hybrid)__Solapur APMC__Other,2023-07-22,train,Maharashtra,Solapur,Solapur APMC,Benchmark,Tomato (Hybrid),Other,FAQ,5000.0,1200.0,8500.0,1.46,1,5500.0,5000.0,6000.0,5000.0,2000.0,5428.57,5357.14,4040.0,5500.0,5000.0,416.5,1459.82,5000.0,6000.0,-0.0789,-0.0909,0.3613,0,5,7,203,29,0,1,1,0,0,-0.343367,-0.939201,-0.5,-0.866025,,,,5000.0,5500.0,6000.0,0.0
Tomato (Hybrid)__Solapur APMC__Other,2023-07-24,train,Maharashtra,Solapur,Solapur APMC,Benchmark,Tomato (Hybrid),Other,FAQ,5000.0,1000.0,9500.0,1.7,2,5000.0,6000.0,6000.0,5000.0,2000.0,5285.71,5357.14,4140.0,5000.0,5000.0,364.22,1418.83,5000.0,6000.0,-0.0541,0.0,0.3427,0,0,7,205,30,1,0,1,0,0,-0.37547,-0.926834,-0.5,-0.866025,,,,5000.0,6000.0,6000.0,0.0
Tomato (Hybrid)__Solapur APMC__Other,2023-07-25,train,Maharashtra,Solapur,Solapur APMC,Benchmark,Tomato (Hybrid),Other,FAQ,5000.0,1500.0,10000.0,1.7,1,5000.0,5500.0,5000.0,5000.0,2000.0,5285.71,5357.14,4240.0,5000.0,5000.0,364.22,1369.33,5000.0,6000.0,-0.0541,0.0,0.323,0,1,7,206,30,0,0,1,0,0,-0.391358,-0.920239,-0.5,-0.866025,,,,5500.0,6000.0,6000.0,0.1
Tomato (Hybrid)__Solapur APMC__Other,2023-07-26,train,Maharashtra,Solapur,Solapur APMC,Benchmark,Tomato (Hybrid),Other,FAQ,5500.0,600.0,10000.0,1.7091,1,5000.0,5000.0,5500.0,5000.0,2000.0,5285.71,5392.86,4356.67,5000.0,5000.0,364.22,1321.79,5000.0,6000.0,0.0405,0.1,0.3034,0,2,7,207,30,0,0,1,0,0,-0.407129,-0.91337,-0.5,-0.866025,,,,6000.0,5500.0,6000.0,0.0909
Tomato (Hybrid)__Solapur APMC__Other,2023-07-27,train,Maharashtra,Solapur,Solapur APMC,Benchmark,Tomato (Hybrid),Other,FAQ,6000.0,1000.0,10000.0,1.5,1,5500.0,5000.0,5000.0,4500.0,2000.0,5428.57,5500.0,4490.0,5500.0,5000.0,416.5,1278.37,5000.0,6000.0,0.1053,0.0909,0.2847,0,3,7,208,30,0,0,1,0,0,-0.422781,-0.906232,-0.5,-0.866025,,,,6000.0,6000.0,5500.0,0.0
Tomato (Hybrid)__Solapur APMC__Other,2023-07-28,train,Maharashtra,Solapur,Solapur APMC,Benchmark,Tomato (Hybrid),Other,FAQ,6000.0,1000.0,11000.0,1.6667,1,6000.0,5000.0,6000.0,6000.0,2200.0,5428.57,5500.0,4616.67,5500.0,5000.0,416.5,1232.63,5000.0,6000.0,0.1053,0.0,0.267,0,4,7,209,30,0,0,1,0,0,-0.438307,-0.898825,-0.5,-0.866025,,,,5500.0,6000.0,,-0.0833
Tomato (Hybrid)__Solapur APMC__Other,2023-07-31,train,Maharashtra,Solapur,Solapur APMC,Benchmark,Tomato (Hybrid),Other,FAQ,5500.0,1500.0,11000.0,1.7273,3,6000.0,5500.0,5500.0,5500.0,2100.0,5428.57,5500.0,4730.0,5500.0,5000.0,416.5,1149.54,5000.0,6000.0,0.0132,-0.0833,0.243,0,0,7,212,31,1,0,1,0,0,-0.484089,-0.875019,-0.5,-0.866025,,,,6000.0,6000.0,,0.0909
Tomato (Hybrid)__Solapur APMC__Other,2023-08-01,train,Maharashtra,Solapur,Solapur APMC,Benchmark,Tomato (Hybrid),Other,FAQ,6000.0,1500.0,10000.0,1.4167,1,5500.0,6000.0,5000.0,6000.0,2200.0,5571.43,5500.0,4856.67,5500.0,5000.0,416.5,1070.42,5000.0,6000.0,0.0769,0.0909,0.2204,0,1,8,213,31,0,0,1,0,0,-0.499069,-0.866562,-0.866025,-0.5,,,,6000.0,6000.0,,0.0
Tomato (Hybrid)__Solapur APMC__Other,2023-08-02,train,Maharashtra,Solapur,Solapur APMC,Benchmark,Tomato (Hybrid),Other,FAQ,6000.0,1200.0,10500.0,1.55,1,6000.0,6000.0,5000.0,6000.0,2500.0,5714.29,5500.0,4973.33,6000.0,5000.0,364.22,995.3,5000.0,6000.0,0.05,0.0,0.2001,0,2,8,214,31,0,0,1,0,0,-0.513901,-0.857849,-0.866025,-0.5,,,,6000.0,5500.0,,0.0
Tomato (Hybrid)__Solapur APMC__Other,2023-08-03,train,Maharashtra,Solapur,Solapur APMC,Benchmark,Tomato (Hybrid),Other,FAQ,6000.0,1500.0,11000.0,1.5833,1,6000.0,5500.0,5000.0,5000.0,2500.0,5857.14,5571.43,5090.0,6000.0,5000.0,225.88,899.02,5500.0,6000.0,0.0244,0.0,0.1766,0,3,8,215,31,0,0,1,0,0,-0.528581,-0.848883,-0.866025,-0.5,,,,6000.0,,,0.0
Tomato (Hybrid)__Solapur APMC__Other,2023-08-04,train,Maharashtra,Solapur,Solapur APMC,Benchmark,Tomato (Hybrid),Other,FAQ,6000.0,1500.0,10000.0,1.4167,1,6000.0,6000.0,5500.0,5500.0,3000.0,5928.57,5607.14,5190.0,6000.0,5500.0,174.96,824.76,5500.0,6000.0,0.012,0.0,0.1589,0,4,8,216,31,0,0,1,0,0,-0.543105,-0.839665,-0.866025,-0.5,,,,5500.0,,,-0.0833
Tomato (Hybrid)__Solapur APMC__Other,2023-08-05,train,Maharashtra,Solapur,Solapur APMC,Benchmark,Tomato (Hybrid),Other,FAQ,5500.0,1000.0,10000.0,1.6364,1,6000.0,6000.0,6000.0,5000.0,3500.0,5857.14,5642.86,5256.67,6000.0,5500.0,225.88,764.06,5500.0,6000.0,-0.061,-0.0833,0.1454,0,5,8,217,31,0,1,1,0,0,-0.557468,-0.830198,-0.866025,-0.5,,,,,,,
Tomato (Hybrid)__Nagpur APMC__Local,2023-07-20,train,Maharashtra,Nagpur,Nagpur APMC,Benchmark,Tomato (Hybrid),Local,FAQ,10250.0,5000.0,12000.0,0.6829,1,9000.0,9000.0,10000.0,7500.0,3150.0,9517.86,9080.36,6590.83,9000.0,7500.0,599.21,2660.3,9000.0,10250.0,0.0769,0.1389,0.4036,0,3,7,201,29,0,0,1,0,0,-0.310857,-0.950457,-0.5,-0.866025,,,,8000.0,10250.0,14750.0,-0.2195
Tomato (Hybrid)__Nagpur APMC__Local,2023-07-22,train,Maharashtra,Nagpur,Nagpur APMC,Benchmark,Tomato (Hybrid),Local,FAQ,8000.0,5000.0,9000.0,0.5,2,10250.0,9000.0,9000.0,7500.0,3875.0,9375.0,9116.07,6728.33,9000.0,7500.0,793.39,2622.71,8000.0,10250.0,-0.1467,-0.2195,0.3898,0,5,7,203,29,0,1,1,0,0,-0.343367,-0.939201,-0.5,-0.866025,,,,9250.0,10250.0,13250.0,0.1562
Tomato (Hybrid)__Nagpur APMC__Local,2023-07-23,train,Maharashtra,Nagpur,Nagpur APMC,Benchmark,Tomato (Hybrid),Local,FAQ,9250.0,5000.0,11500.0,0.7027,1,8000.0,9000.0,10250.0,9500.0,3125.0,9232.14,9098.21,6932.5,9000.0,7500.0,708.46,2572.18,8000.0,10250.0,0.0019,0.1562,0.371,0,6,7,204,29,0,0,1,0,0,-0.359472,-0.933156,-0.5,-0.866025,,,,10250.0,12000.0,1875.0,0.1081
Tomato (Hybrid)__Nagpur APMC__Local,2023-07-24,train,Maharashtra,Nagpur,Nagpur APMC,Benchmark,Tomato (Hybrid),Local,FAQ,10250.0,5000.0,12000.0,0.6829,1,9250.0,10250.0,10125.0,7500.0,2750.0,9250.0,9294.64,7182.5,9000.0,7500.0,731.93,2517.41,8000.0,10250.0,0.1081,0.1081,0.3505,0,0,7,205,30,1,0,1,0,0,-0.37547,-0.926834,-0.5,-0.866025,,,,10250.0,11625.0,12500.0,0.0
Tomato (Hybrid)__Nagpur APMC__Local,2023-07-25,train,Maharashtra,Nagpur,Nagpur APMC,Benchmark,Tomato (Hybrid),Local,FAQ,10250.0,700.0,12000.0,1.1024,1,10250.0,8000.0,9000.0,7500.0,3500.0,9428.57,9491.07,7407.5,9250.0,8000.0,798.6,2479.58,8000.0,10250.0,0.0871,0.0,0.3347,0,1,7,206,30,0,0,1,0,0,-0.391358,-0.920239,-0.5,-0.866025,,,,12000.0,14750.0,10250.0,0.1707
Tomato (Hybrid)__Nagpur APMC__Local,2023-07-26,train,Maharashtra,Nagpur,Nagpur APMC,Benchmark,Tomato (Hybrid),Local,FAQ,12000.0,8000.0,13000.0,0.4167,1,10250.0,9250.0,9000.0,9000.0,3250.0,9857.14,9705.36,7699.17,10250.0,9000.0,1171.52,2488.0,8000.0,12000.0,0.2174,0.1707,0.3232,0,2,7,207,30,0,0,1,0,0,-0.407129,-0.91337,-0.5,-0.866025,,,,11625.0,13250.0,2350.0,-0.0312
Tomato (Hybrid)__Nagpur APMC__Local,2023-07-27,train,Maharashtra,Nagpur,Nagpur APMC,Benchmark,Tomato (Hybrid),Local,FAQ,11625.0,9000.0,12500.0,0.3011,1,12000.0,10250.0,9000.0,9500.0,3350.0,10232.14,9857.14,7975.0,10250.0,9000.0,1254.33,2448.94,8000.0,12000.0,0.1361,-0.0312,0.3071,0,3,7,208,30,0,0,1,0,0,-0.422781,-0.906232,-0.5,-0.866025,,,,14750.0,1875.0,,0.2688
Tomato (Hybrid)__Nagpur APMC__Local,2023-07-31,train,Maharashtra,Nagpur,Nagpur APMC,Benchmark,Tomato (Hybrid),Local,FAQ,14750.0,11000.0,16000.0,0.339,4,11625.0,10250.0,10250.0,10000.0,2875.0,10875.0,10196.43,8370.83,10250.0,9000.0,2018.88,2550.22,8000.0,14750.0,0.3563,0.2688,0.3047,0,0,7,212,31,1,0,1,0,0,-0.484089,-0.875019,-0.5,-0.866025,,,,13250.0,12500.0,,-0.1017
Tomato (Hybrid)__Nagpur APMC__Local,2023-08-01,train,Maharashtra,Nagpur,Nagpur APMC,Benchmark,Tomato (Hybrid),Local,FAQ,13250.0,10000.0,14000.0,0.3019,1,14750.0,12000.0,8000.0,9000.0,4500.0,11625.0,10500.0,8662.5,11625.0,9000.0,1771.55,2590.88,9250.0,14750.0,0.1398,-0.1017,0.2991,0,1,8,213,31,0,0,1,0,0,-0.499069,-0.866562,-0.866025,-0.5,,,,1875.0,10250.0,,-0.8585
Tomato (Hybrid)__Nagpur APMC__Local,2023-08-02,train,Maharashtra,Nagpur,Nagpur APMC,Benchmark,Tomato (Hybrid),Local,FAQ,1875.0,1500.0,2000.0,0.2667,1,13250.0,11625.0,9250.0,10250.0,3500.0,10571.43,9901.79,8608.33,11625.0,9000.0,3847.46,2712.38,1875.0,14750.0,-0.8226,-0.8585,0.3151,0,2,8,214,31,0,0,1,0,0,-0.513901,-0.857849,-0.866025,-0.5,,,,12500.0,2350.0,,5.6667
Tomato (Hybrid)__Nagpur APMC__Local,2023-08-03,train,Maharashtra,Nagpur,Nagpur APMC,Benchmark,Tomato (Hybrid),Local,FAQ,12500.0,10000.0,13000.0,0.24,1,1875.0,14750.0,10250.0,10125.0,4250.0,10892.86,10071.43,8883.33,12000.0,9000.0,3900.79,2674.52,1875.0,14750.0,0.1475,5.6667,0.3011,0,3,8,215,31,0,0,1,0,0,-0.528581,-0.848883,-0.866025,-0.5,,,,10250.0,,,-0.18
Tomato (Hybrid)__Nagpur APMC__Local,2023-08-05,train,Maharashtra,Nagpur,Nagpur APMC,Benchmark,Tomato (Hybrid),Local,FAQ,10250.0,7000.0,11000.0,0.3902,2,12500.0,13250.0,10250.0,9000.0,3250.0,10892.86,10160.71,9116.67,12000.0,9250.0,3900.79,2470.44,1875.0,14750.0,-0.059,-0.18,0.271,0,5,8,217,31,0,1,1,0,0,-0.557468,-0.830198,-0.866025,-0.5,,,,2350.0,,,-0.7707
Tomato (Hybrid)__Nagpur APMC__Local,2023-08-06,train,Maharashtra,Nagpur,Nagpur APMC,Benchmark,Tomato (Hybrid),Local,FAQ,2350.0,2000.0,2500.0,0.2128,1,10250.0,1875.0,12000.0,9000.0,5125.0,9514.29,9685.71,9024.17,11625.0,9250.0,4854.52,2662.64,1875.0,14750.0,-0.753,-0.7707,0.2951,0,6,8,218,31,0,0,1,0,0,-0.571667,-0.820486,-0.866025,-0.5,,,,,,,
Tomato (Hybrid)__Kalmeshwar APMC__Other,2023-07-11,train,Maharashtra,Nagpur,Kalmeshwar APMC,Other Maharashtra,Tomato (Hybrid),Other,FAQ,8535.0,8055.0,9000.0,0.1107,2,8565.0,8520.0,4810.0,2825.0,1315.0,8697.86,7086.07,4294.83,8550.0,2845.0,285.91,2922.61,8520.0,9355.0,-0.0187,-0.0035,0.6805,0,1,7,192,28,0,0,1,0,0,-0.160575,-0.987024,-0.5,-0.866025,,,,9530.0,9065.0,11000.0,0.1166
Tomato (Hybrid)__Kalmeshwar APMC__Other,2023-07-12,train,Maharashtra,Nagpur,Kalmeshwar APMC,Other Maharashtra,Tomato (Hybrid),Other,FAQ,9530.0,9060.0,10000.0,0.0986,1,8535.0,8535.0,8825.0,4855.0,1315.0,8798.57,7420.0,4568.67,8550.0,4320.0,410.14,3014.01,8520.0,9530.0,0.0831,0.1166,0.6597,0,2,7,193,28,0,0,1,0,0,-0.177529,-0.984116,-0.5,-0.866025,,,,8565.0,9530.0,9555.0,-0.1013
Tomato (Hybrid)__Kalmeshwar APMC__Other,2023-07-13,train,Maharashtra,Nagpur,Kalmeshwar APMC,Other Maharashtra,Tomato (Hybrid),Other,FAQ,8565.0,8045.0,9000.0,0.1115,1,9530.0,8565.0,9355.0,4815.0,805.0,8685.71,7687.86,4827.33,8550.0,4810.0,345.02,3012.9,8520.0,9530.0,-0.0139,-0.1013,0.6241,0,3,7,194,28,0,0,1,0,0,-0.194431,-0.980916,-0.5,-0.866025,,,,9065.0,9550.0,9535.0,0.0584
Tomato (Hybrid)__Kalmeshwar APMC__Other,2023-07-14,train,Maharashtra,Nagpur,Kalmeshwar APMC,Other Maharashtra,Tomato (Hybrid),Other,FAQ,9065.0,8545.0,9500.0,0.1054,1,8565.0,8535.0,8550.0,4320.0,1040.0,8759.29,8026.79,5094.83,8565.0,4815.0,362.69,3021.0,8520.0,9530.0,0.0349,0.0584,0.593,0,4,7,195,28,0,0,1,0,0,-0.211276,-0.977426,-0.5,-0.866025,,,,9530.0,9545.0,9525.0,0.0513
Tomato (Hybrid)__Kalmeshwar APMC__Other,2023-07-15,train,Maharashtra,Nagpur,Kalmeshwar APMC,Other Maharashtra,Tomato (Hybrid),Other,FAQ,9530.0,9060.0,10000.0,0.0986,1,9065.0,9530.0,8520.0,5820.0,1050.0,8903.57,8291.79,5377.5,8565.0,4855.0,432.9,3026.03,8535.0,9530.0,0.0704,0.0513,0.5627,0,5,7,196,28,0,1,1,0,0,-0.228058,-0.973648,-0.5,-0.866025,,,,9550.0,11000.0,9535.0,0.0021
Tomato (Hybrid)__Kalmeshwar APMC__Other,2023-07-16,train,Maharashtra,Nagpur,Kalmeshwar APMC,Other Maharashtra,Tomato (Hybrid),Other,FAQ,9550.0,9030.0,10000.0,0.1016,1,9530.0,8565.0,8535.0,7850.0,1815.0,9048.57,8413.21,5635.33,9065.0,5820.0,454.61,3041.0,8535.0,9550.0,0.0554,0.0021,0.5396,0,6,7,197,28,0,0,1,0,0,-0.244772,-0.969581,-0.5,-0.866025,,,,9545.0,9555.0,8555.0,-0.0005
Tomato (Hybrid)__Kalmeshwar APMC__Other,2023-07-18,train,Maharashtra,Nagpur,Kalmeshwar APMC,Other Maharashtra,Tomato (Hybrid),Other,FAQ,9545.0,9055.0,10000.0,0.099,2,9550.0,9065.0,8565.0,5850.0,1835.0,9188.57,8677.14,5892.33,9530.0,5850.0,434.59,3034.75,8535.0,9550.0,0.0388,-0.0005,0.515,0,1,7,199,29,0,0,1,0,0,-0.277979,-0.960587,-0.5,-0.866025,,,,11000.0,9535.0,9530.0,0.1524
Tomato (Hybrid)__Kalmeshwar APMC__Other,2023-07-19,train,Maharashtra,Nagpur,Kalmeshwar APMC,Other Maharashtra,Tomato (Hybrid),Other,FAQ,11000.0,10000.0,12000.0,0.1818,1,9545.0,9530.0,8535.0,4810.0,1320.0,9540.71,9119.29,6215.0,9530.0,7850.0,687.46,3046.04,8565.0,11000.0,0.153,0.1524,0.4901,0,2,7,200,29,0,0,1,0,0,-0.294462,-0.955663,-0.5,-0.866025,,,,9555.0,9525.0,8565.0,-0.1314
Tomato (Hybrid)__Kalmeshwar APMC__Other,2023-07-20,train,Maharashtra,Nagpur,Kalmeshwar APMC,Other Maharashtra,Tomato (Hybrid),Other,FAQ,9555.0,9035.0,10000.0,0.101,1,11000.0,9550.0,9530.0,8825.0,1340.0,9544.29,9171.43,6488.83,9545.0,8520.0,687.46,2963.62,8565.0,11000.0,0.0011,-0.1314,0.4567,0,3,7,201,29,0,0,1,0,0,-0.310857,-0.950457,-0.5,-0.866025,,,,9535.0,9535.0,12035.0,-0.0021
Tomato (Hybrid)__Kalmeshwar APMC__Other,2023-07-21,train,Maharashtra,Nagpur,Kalmeshwar APMC,Other Maharashtra,Tomato (Hybrid),Other,FAQ,9535.0,9055.0,10000.0,0.0991,1,9555.0,9545.0,8565.0,9355.0,1815.0,9682.86,9184.29,6746.17,9545.0,8535.0,562.5,2880.62,9065.0,11000.0,-0.0153,-0.0021,0.427,0,4,7,202,29,0,0,1,0,0,-0.32716,-0.944969,-0.5,-0.866025,,,,9525.0,8555.0,10545.0,-0.001
Tomato (Hybrid)__Kalmeshwar APMC__Other,2023-07-22,train,Maharashtra,Nagpur,Kalmeshwar APMC,Other Maharashtra,Tomato (Hybrid),Other,FAQ,9525.0,9045.0,10000.0,0.1003,1,9535.0,11000.0,9065.0,8550.0,2350.0,9748.57,9253.93,6985.33,9545.0,8535.0,510.99,2802.49,9525.0,11000.0,-0.0229,-0.001,0.4012,0,5,7,203,29,0,1,1,0,0,-0.343367,-0.939201,-0.5,-0.866025,,,,9535.0,9530.0,11065.0,0.001
Tomato (Hybrid)__Kalmeshwar APMC__Other,2023-07-23,train,Maharashtra,Nagpur,Kalmeshwar APMC,Other Maharashtra,Tomato (Hybrid),Other,FAQ,9535.0,9055.0,10000.0,0.0991,1,9525.0,9555.0,9530.0,8520.0,2315.0,9749.29,9326.43,7226.0,9545.0,8550.0,510.69,2699.2,9525.0,11000.0,-0.022,0.001,0.3735,0,6,7,204,29,0,0,1,0,0,-0.359472,-0.933156,-0.5,-0.866025,,,,8555.0,8565.0,9545.0,-0.1028
Tomato (Hybrid)__Kalmeshwar APMC__Other,2023-07-25,train,Maharashtra,Nagpur,Kalmeshwar APMC,Other Maharashtra,Tomato (Hybrid),Other,FAQ,8555.0,8045.0,9000.0,0.1116,2,9535.0,9535.0,9550.0,8535.0,2310.0,9607.14,9327.86,7434.17,9535.0,8555.0,662.33,2548.65,8555.0,11000.0,-0.1095,-0.1028,0.3428,0,1,7,206,30,0,0,1,0,0,-0.391358,-0.920239,-0.5,-0.866025,,,,9530.0,12035.0,9555.0,0.114
Tomato (Hybrid)__Kalmeshwar APMC__Other,2023-07-26,train,Maharashtra,Nagpur,Kalmeshwar APMC,Other Maharashtra,Tomato (Hybrid),Other,FAQ,9530.0,9060.0,10000.0,0.0986,1,8555.0,9525.0,9545.0,8565.0,2340.0,9605.0,9396.79,7673.83,9535.0,8565.0,662.55,2391.57,8555.0,11000.0,-0.0078,0.114,0.3117,0,2,7,207,30,0,0,1,0,0,-0.407129,-0.91337,-0.5,-0.866025,,,,8565.0,10545.0,9540.0,-0.1013
Tomato (Hybrid)__Kalmeshwar APMC__Other,2023-07-27,train,Maharashtra,Nagpur,Kalmeshwar APMC,Other Maharashtra,Tomato (Hybrid),Other,FAQ,8565.0,8045.0,9000.0,0.1115,1,9530.0,9535.0,11000.0,8535.0,2845.0,9257.14,9398.93,7864.5,9530.0,8565.0,441.0,2220.91,8555.0,9555.0,-0.0748,-0.1013,0.2824,0,3,7,208,30,0,0,1,0,0,-0.422781,-0.906232,-0.5,-0.866025,,,,12035.0,11065.0,10545.0,0.4051
Tomato (Hybrid)__Kalmeshwar APMC__Other,2023-07-28,train,Maharashtra,Nagpur,Kalmeshwar APMC,Other Maharashtra,Tomato (Hybrid),Other,FAQ,12035.0,11055.0,13000.0,0.1616,1,8565.0,8555.0,9555.0,9530.0,2320.0,9611.43,9577.86,8188.33,9530.0,8565.0,1076.41,2093.48,8555.0,12035.0,0.2522,0.4051,0.2557,0,4,7,209,30,0,0,1,0,0,-0.438307,-0.898825,-0.5,-0.866025,,,,10545.0,9545.0,11585.0,-0.1238
Tomato (Hybrid)__Kalmeshwar APMC__Other,2023-07-29,train,Maharashtra,Nagpur,Kalmeshwar APMC,Other Maharashtra,Tomato (Hybrid),Other,FAQ,10545.0,10035.0,11000.0,0.0915,1,12035.0,9530.0,9535.0,8565.0,2825.0,9755.71,9719.29,8445.67,9530.0,8825.0,1123.17,1882.21,8555.0,12035.0,0.0809,-0.1238,0.2229,0,5,7,210,30,0,1,1,0,0,-0.453703,-0.891153,-0.5,-0.866025,,,,11065.0,9555.0,9555.0,0.0493
Tomato (Hybrid)__Kalmeshwar APMC__Other,2023-07-31,train,Maharashtra,Nagpur,Kalmeshwar APMC,Other Maharashtra,Tomato (Hybrid),Other,FAQ,11065.0,10055.0,12000.0,0.1758,2,10545.0,8565.0,9525.0,9065.0,4855.0,9975.71,9862.14,8652.67,9535.0,9065.0,1204.32,1816.26,8555.0,12035.0,0.1092,0.0493,0.2099,0,0,7,212,31,1,0,1,0,0,-0.484089,-0.875019,-0.5,-0.866025,,,,9545.0,9540.0,1310.0,-0.1374
Tomato (Hybrid)__Kalmeshwar APMC__Other,2023-08-01,train,Maharashtra,Nagpur,Kalmeshwar APMC,Other Maharashtra,Tomato (Hybrid),Other,FAQ,9545.0,9055.0,10000.0,0.099,1,11065.0,12035.0,9535.0,9530.0,4815.0,9977.14,9863.21,8810.33,9545.0,9355.0,1203.8,1676.17,8555.0,12035.0,-0.0433,-0.1374,0.1903,0,1,8,213,31,0,0,1,0,0,-0.499069,-0.866562,-0.866025,-0.5,,,,9555.0,10545.0,1350.0,0.001
Tomato (Hybrid)__Kalmeshwar APMC__Other,2023-08-02,train,Maharashtra,Nagpur,Kalmeshwar APMC,Other Maharashtra,Tomato (Hybrid),Other,FAQ,9555.0,9035.0,10000.0,0.101,1,9545.0,10545.0,8555.0,9550.0,4320.0,10120.0,9863.57,8984.83,9555.0,9525.0,1079.47,1457.9,8565.0,12035.0,-0.0558,0.001,0.1623,0,2,8,214,31,0,0,1,0,0,-0.513901,-0.857849,-0.866025,-0.5,,,,9540.0,11585.0,1830.0,-0.0016
Tomato (Hybrid)__Kalmeshwar APMC__Other,2023-08-03,train,Maharashtra,Nagpur,Kalmeshwar APMC,Other Maharashtra,Tomato (Hybrid),Other,FAQ,9540.0,9030.0,10000.0,0.1017,1,9555.0,11065.0,9530.0,9545.0,5820.0,10121.43,9863.21,9108.83,9555.0,9530.0,1078.7,1336.6,8565.0,12035.0,-0.0574,-0.0016,0.1467,0,3,8,215,31,0,0,1,0,0,-0.528581,-0.848883,-0.866025,-0.5,,,,10545.0,9555.0,1045.0,0.1053
Tomato (Hybrid)__Kalmeshwar APMC__Other,2023-08-04,train,Maharashtra,Nagpur,Kalmeshwar APMC,Other Maharashtra,Tomato (Hybrid),Other,FAQ,10545.0,10035.0,11000.0,0.0915,1,9540.0,9545.0,8565.0,11000.0,7850.0,10404.29,9830.71,9198.67,10545.0,9530.0,873.58,1339.54,9540.0,12035.0,0.0135,0.1053,0.1456,0,4,8,216,31,0,0,1,0,0,-0.543105,-0.839665,-0.866025,-0.5,,,,11585.0,1310.0,1305.0,0.0986
Tomato (Hybrid)__Kalmeshwar APMC__Other,2023-08-05,train,Maharashtra,Nagpur,Kalmeshwar APMC,Other Maharashtra,Tomato (Hybrid),Other,FAQ,11585.0,11035.0,12000.0,0.0833,1,10545.0,9555.0,12035.0,9555.0,5850.0,10340.0,9975.71,9389.83,10545.0,9530.0,760.45,1254.53,9540.0,11585.0,0.1204,0.0986,0.1336,0,5,8,217,31,0,1,1,0,0,-0.557468,-0.830198,-0.866025,-0.5,,,,9555.0,1350.0,1315.0,-0.1752
Tomato (Hybrid)__Kalmeshwar APMC__Other,2023-08-06,train,Maharashtra,Nagpur,Kalmeshwar APMC,Other Maharashtra,Tomato (Hybrid),Other,FAQ,9555.0,9035.0,10000.0,0.101,1,11585.0,9540.0,10545.0,9535.0,4810.0,10198.57,9977.14,9548.0,9555.0,9535.0,800.19,922.27,9540.0,11585.0,-0.0631,-0.1752,0.0966,0,6,8,218,31,0,0,1,0,0,-0.571667,-0.820486,-0.866025,-0.5,,,,1310.0,1830.0,,-0.8629
Tomato (Hybrid)__Kalmeshwar APMC__Other,2023-09-12,train,Maharashtra,Nagpur,Kalmeshwar APMC,Other Maharashtra,Tomato (Hybrid),Other,FAQ,1310.0,1020.0,1500.0,0.3664,37,9555.0,10545.0,11065.0,9525.0,8825.0,8805.0,9390.36,9297.5,9555.0,9535.0,3142.88,1741.43,1310.0,11585.0,-0.8512,-0.8629,0.1873,0,1,9,255,37,0,0,1,0,0,-0.947404,-0.320039,-1.0,-0.0,,,,1350.0,1045.0,,0.0305
Tomato (Hybrid)__Kalmeshwar APMC__Other,2023-09-13,train,Maharashtra,Nagpur,Kalmeshwar APMC,Other Maharashtra,Tomato (Hybrid),Other,FAQ,1350.0,1030.0,1500.0,0.3481,1,1310.0,11585.0,9545.0,9535.0,9355.0,7634.29,8805.71,9030.67,9555.0,9535.0,4045.8,2250.93,1310.0,11585.0,-0.8232,0.0305,0.2493,0,2,9,256,37,0,0,1,0,0,-0.952769,-0.303695,-1.0,-0.0,,,,1830.0,1305.0,,0.3556
Tomato (Hybrid)__Kalmeshwar APMC__Other,2023-09-15,train,Maharashtra,Nagpur,Kalmeshwar APMC,Other Maharashtra,Tomato (Hybrid),Other,FAQ,1830.0,1540.0,2000.0,0.2514,2,1350.0,9555.0,9555.0,8555.0,8550.0,6530.71,8325.36,8806.67,9540.0,9535.0,4408.67,2595.6,1310.0,11585.0,-0.7198,0.3556,0.2947,0,4,9,258,37,0,0,1,0,0,-0.962652,-0.270742,-1.0,-0.0,,,,1045.0,1315.0,,-0.429
Tomato (Hybrid)__Kalmeshwar APMC__Other,2023-09-20,train,Maharashtra,Nagpur,Kalmeshwar APMC,Other Maharashtra,Tomato (Hybrid),Other,FAQ,1045.0,825.0,1200.0,0.3589,5,1830.0,1310.0,9540.0,9530.0,8520.0,5317.14,7719.29,8557.5,1830.0,9535.0,4579.19,2946.25,1045.0,11585.0,-0.8035,-0.429,0.3443,0,2,9,263,38,0,0,1,0,0,-0.982352,-0.187043,-1.0,-0.0,,,,1305.0,,,0.2488
Tomato (Hybrid)__Kalmeshwar APMC__Other,2023-09-23,train,Maharashtra,Nagpur,Kalmeshwar APMC,Other Maharashtra,Tomato (Hybrid),Other,FAQ,1305.0,1015.0,1500.0,0.3716,3,1045.0,1350.0,10545.0,8565.0,8535.0,3997.14,7200.71,8316.5,1350.0,9535.0,4197.84,3221.12,1045.0,11585.0,-0.6735,0.2488,0.3873,0,5,9,266,38,0,1,1,0,0,-0.990692,-0.13612,-1.0,-0.0,,,,1315.0,,,0.0077
Tomato (Hybrid)__Kalmeshwar APMC__Other,2023-10-07,train,Maharashtra,Nagpur,Kalmeshwar APMC,Other Maharashtra,Tomato (Hybrid),Other,FAQ,1315.0,1005.0,1500.0,0.3764,14,1305.0,1830.0,11585.0,12035.0,8565.0,2530.0,6435.0,8074.83,1315.0,9535.0,2876.1,3456.76,1045.0,9555.0,-0.4802,0.0077,0.4281,0,5,10,280,40,0,1,1,0,0,-0.994567,0.104101,-0.866025,0.5,,,,,,,
Tomato (Hybrid)__Navapur APMC__Other,2023-07-12,train,Maharashtra,Nandurbar,Navapur APMC,Other Maharashtra,Tomato (Hybrid),Other,FAQ,6887.0,6000.0,9000.0,0.4356,1,5689.0,929.0,6060.0,4267.0,1056.0,4753.57,4615.29,3278.93,5689.0,3183.0,2480.52,1904.22,929.0,7125.0,0.4488,0.2106,0.5807,0,2,7,193,28,0,0,1,0,0,-0.177529,-0.984116,-0.5,-0.866025,,,,6733.0,6733.0,6272.0,-0.0224
Tomato (Hybrid)__Navapur APMC__Other,2023-07-13,train,Maharashtra,Nandurbar,Navapur APMC,Other Maharashtra,Tomato (Hybrid),Other,FAQ,6733.0,5000.0,8500.0,0.5198,1,6887.0,929.0,6262.0,3708.0,1000.0,4820.86,4831.36,3470.03,5689.0,3550.0,2526.49,1952.98,929.0,7125.0,0.3966,-0.0224,0.5628,0,3,7,194,28,0,0,1,0,0,-0.194431,-0.980916,-0.5,-0.866025,,,,7087.0,6409.0,6805.0,0.0526
Tomato (Hybrid)__Navapur APMC__Other,2023-07-15,train,Maharashtra,Nandurbar,Navapur APMC,Other Maharashtra,Tomato (Hybrid),Other,FAQ,7087.0,3000.0,9000.0,0.8466,2,6733.0,5689.0,7125.0,3946.0,1040.0,4815.43,5055.71,3671.6,5689.0,3583.0,2521.57,2003.18,929.0,7087.0,0.4717,0.0526,0.5456,0,5,7,196,28,0,1,1,0,0,-0.228058,-0.973648,-0.5,-0.866025,,,,6733.0,6103.0,5480.0,-0.05
Tomato (Hybrid)__Navapur APMC__Other,2023-07-16,train,Maharashtra,Nandurbar,Navapur APMC,Other Maharashtra,Tomato (Hybrid),Other,FAQ,6733.0,3500.0,8000.0,0.6683,1,7087.0,6887.0,5454.0,3550.0,1040.0,4998.14,5283.07,3861.37,6733.0,3708.0,2606.14,2014.52,929.0,7087.0,0.3471,-0.05,0.5217,0,6,7,197,28,0,0,1,0,0,-0.244772,-0.969581,-0.5,-0.866025,,,,6409.0,6703.0,10500.0,-0.0481
Tomato (Hybrid)__Navapur APMC__Other,2023-07-17,train,Maharashtra,Nandurbar,Navapur APMC,Other Maharashtra,Tomato (Hybrid),Other,FAQ,6409.0,4000.0,9000.0,0.7802,1,6733.0,6733.0,929.0,4450.0,1840.0,5781.0,5423.0,4013.67,6733.0,3946.0,2024.36,2028.61,929.0,7087.0,0.1086,-0.0481,0.5054,0,0,7,198,29,1,0,1,0,0,-0.261414,-0.965227,-0.5,-0.866025,,,,6103.0,6272.0,8345.0,-0.0477
Tomato (Hybrid)__Navapur APMC__Other,2023-07-20,train,Maharashtra,Nandurbar,Navapur APMC,Other Maharashtra,Tomato (Hybrid),Other,FAQ,6103.0,4000.0,8000.0,0.6554,3,6409.0,7087.0,929.0,4625.0,1840.0,6520.14,5528.57,4155.77,6733.0,4267.0,450.98,2020.66,5689.0,7087.0,-0.064,-0.0477,0.4862,0,3,7,201,29,0,0,1,0,0,-0.310857,-0.950457,-0.5,-0.866025,,,,6703.0,6805.0,7027.0,0.0983
Tomato (Hybrid)__Navapur APMC__Other,2023-07-22,train,Maharashtra,Nandurbar,Navapur APMC,Other Maharashtra,Tomato (Hybrid),Other,FAQ,6703.0,4000.0,8000.0,0.5967,2,6103.0,6733.0,5689.0,5000.0,1522.0,6665.0,5650.21,4328.47,6733.0,4450.0,297.48,2009.55,6103.0,7087.0,0.0057,0.0983,0.4643,0,5,7,203,29,0,1,1,0,0,-0.343367,-0.939201,-0.5,-0.866025,,,,6272.0,5480.0,8887.0,-0.0643
Tomato (Hybrid)__Navapur APMC__Other,2023-07-23,train,Maharashtra,Nandurbar,Navapur APMC,Other Maharashtra,Tomato (Hybrid),Other,FAQ,6272.0,4000.0,8500.0,0.7175,1,6703.0,6409.0,6887.0,6060.0,1443.0,6577.14,5665.36,4489.43,6703.0,4625.0,309.51,1964.88,6103.0,7087.0,-0.0464,-0.0643,0.4377,0,6,7,204,29,0,0,1,0,0,-0.359472,-0.933156,-0.5,-0.866025,,,,6805.0,10500.0,7943.0,0.085
Tomato (Hybrid)__Navapur APMC__Other,2023-07-24,train,Maharashtra,Nandurbar,Navapur APMC,Other Maharashtra,Tomato (Hybrid),Other,FAQ,6805.0,5000.0,8500.0,0.5143,1,6272.0,6103.0,6733.0,6262.0,1510.0,6587.43,5704.14,4665.93,6703.0,5000.0,315.65,1926.77,6103.0,7087.0,0.033,0.085,0.4129,0,0,7,205,30,1,0,1,0,0,-0.37547,-0.926834,-0.5,-0.866025,,,,5480.0,8345.0,7694.0,-0.1947
Tomato (Hybrid)__Navapur APMC__Other,2023-07-25,train,Maharashtra,Nandurbar,Navapur APMC,Other Maharashtra,Tomato (Hybrid),Other,FAQ,5480.0,4000.0,7000.0,0.5474,1,6805.0,6703.0,7087.0,7125.0,1427.0,6357.86,5586.64,4801.03,6409.0,5454.0,431.83,1834.83,5480.0,6805.0,-0.1381,-0.1947,0.3822,0,1,7,206,30,0,0,1,0,0,-0.391358,-0.920239,-0.5,-0.866025,,,,10500.0,7027.0,6971.0,0.9161
Tomato (Hybrid)__Navapur APMC__Other,2023-07-26,train,Maharashtra,Nandurbar,Navapur APMC,Other Maharashtra,Tomato (Hybrid),Other,FAQ,10500.0,9000.0,12000.0,0.2857,1,5480.0,6272.0,6733.0,5454.0,2415.0,6896.0,5947.07,5070.53,6409.0,5480.0,1525.72,2046.17,5480.0,10500.0,0.5226,0.9161,0.4035,0,2,7,207,30,0,0,1,0,0,-0.407129,-0.91337,-0.5,-0.866025,,,,8345.0,8887.0,6860.0,-0.2052
Tomato (Hybrid)__Navapur APMC__Other,2023-07-29,train,Maharashtra,Nandurbar,Navapur APMC,Other Maharashtra,Tomato (Hybrid),Other,FAQ,8345.0,5000.0,10000.0,0.5992,3,10500.0,6805.0,6409.0,929.0,2294.0,7172.57,6476.79,5272.23,6703.0,5689.0,1586.63,2060.71,5480.0,10500.0,0.1635,-0.2052,0.3909,0,5,7,210,30,0,1,1,0,0,-0.453703,-0.891153,-0.5,-0.866025,,,,7027.0,7943.0,7800.0,-0.1579
Tomato (Hybrid)__Navapur APMC__Other,2023-07-30,train,Maharashtra,Nandurbar,Navapur APMC,Other Maharashtra,Tomato (Hybrid),Other,FAQ,7027.0,4000.0,10000.0,0.8538,1,8345.0,5480.0,6103.0,929.0,2733.0,7304.57,6912.36,5415.37,6805.0,6060.0,1529.57,2028.24,5480.0,10500.0,-0.038,-0.1579,0.3745,0,6,7,211,30,0,0,1,0,0,-0.468965,-0.883217,-0.5,-0.866025,,,,8887.0,7694.0,,0.2647
Tomato (Hybrid)__Navapur APMC__Other,2023-07-31,train,Maharashtra,Nandurbar,Navapur APMC,Other Maharashtra,Tomato (Hybrid),Other,FAQ,8887.0,5000.0,11000.0,0.6751,1,7027.0,10500.0,6703.0,5689.0,2617.0,7616.57,7140.79,5624.37,7027.0,6103.0,1596.33,2052.02,5480.0,10500.0,0.1668,0.2647,0.3648,0,0,7,212,31,1,0,1,0,0,-0.484089,-0.875019,-0.5,-0.866025,,,,7943.0,6971.0,,-0.1062
Tomato (Hybrid)__Navapur APMC__Other,2023-08-01,train,Maharashtra,Nandurbar,Navapur APMC,Other Maharashtra,Tomato (Hybrid),Other,FAQ,7943.0,7000.0,9000.0,0.2518,1,8887.0,8345.0,6272.0,6887.0,3183.0,7855.29,7216.21,5783.03,7943.0,6262.0,1499.41,2041.12,5480.0,10500.0,0.0112,-0.1062,0.3529,0,1,8,213,31,0,0,1,0,0,-0.499069,-0.866562,-0.866025,-0.5,,,,7694.0,6860.0,,-0.0313
Tomato (Hybrid)__Navapur APMC__Other,2023-08-02,train,Maharashtra,Nandurbar,Navapur APMC,Other Maharashtra,Tomato (Hybrid),Other,FAQ,7694.0,5000.0,10000.0,0.6499,1,7943.0,7027.0,6805.0,6733.0,3583.0,7982.29,7284.86,5920.07,7943.0,6272.0,1441.61,2026.76,5480.0,10500.0,-0.0361,-0.0313,0.3424,0,2,8,214,31,0,0,1,0,0,-0.513901,-0.857849,-0.866025,-0.5,,,,6971.0,7800.0,,-0.094
Tomato (Hybrid)__Navapur APMC__Other,2023-08-04,train,Maharashtra,Nandurbar,Navapur APMC,Other Maharashtra,Tomato (Hybrid),Other,FAQ,6971.0,4000.0,10000.0,0.8607,2,7694.0,8887.0,5480.0,7087.0,4267.0,8195.29,7276.57,6010.2,7943.0,6409.0,1133.34,2011.31,6971.0,10500.0,-0.1494,-0.094,0.3346,0,4,8,216,31,0,0,1,0,0,-0.543105,-0.839665,-0.866025,-0.5,,,,6860.0,,,-0.0159
Tomato (Hybrid)__Navapur APMC__Other,2023-08-05,train,Maharashtra,Nandurbar,Navapur APMC,Other Maharashtra,Tomato (Hybrid),Other,FAQ,6860.0,4000.0,8000.0,0.5831,1,6971.0,7943.0,10500.0,6733.0,3708.0,7675.29,7285.64,6115.27,7694.0,6703.0,714.12,1970.21,6860.0,8887.0,-0.1062,-0.0159,0.3222,0,5,8,217,31,0,1,1,0,0,-0.557468,-0.830198,-0.866025,-0.5,,,,7800.0,,,0.137
Tomato (Hybrid)__Navapur APMC__Other,2023-08-06,train,Maharashtra,Nandurbar,Navapur APMC,Other Maharashtra,Tomato (Hybrid),Other,FAQ,7800.0,4000.0,11000.0,0.8974,1,6860.0,7694.0,8345.0,6409.0,3946.0,7597.43,7385.0,6243.73,7694.0,6733.0,664.87,1950.12,6860.0,8887.0,0.0267,0.137,0.3123,0,6,8,218,31,0,0,1,0,0,-0.571667,-0.820486,-0.866025,-0.5,,,,,,,
Tomato (Hybrid)__Ramtek APMC__Other,2023-07-18,train,Maharashtra,Nagpur,Ramtek APMC,Other Maharashtra,Tomato (Hybrid),Other,FAQ,9000.0,8000.0,10000.0,0.2222,2,11000.0,9000.0,9000.0,9000.0,1900.0,9571.43,9142.86,6153.33,9000.0,7000.0,903.51,3251.84,9000.0,11000.0,-0.0597,-0.1818,0.5285,0,1,7,199,29,0,0,1,0,0,-0.277979,-0.960587,-0.5,-0.866025,,,,12000.0,12000.0,14000.0,0.3333
Tomato (Hybrid)__Ramtek APMC__Other,2023-07-20,train,Maharashtra,Nagpur,Ramtek APMC,Other Maharashtra,Tomato (Hybrid),Other,FAQ,12000.0,10000.0,14000.0,0.3333,2,9000.0,11000.0,9000.0,9000.0,1900.0,10000.0,9357.14,6490.0,9000.0,7000.0,1195.23,3316.26,9000.0,12000.0,0.2,0.3333,0.511,0,3,7,201,29,0,0,1,0,0,-0.310857,-0.950457,-0.5,-0.866025,,,,12000.0,11000.0,12000.0,0.0
Tomato (Hybrid)__Ramtek APMC__Other,2023-07-22,train,Maharashtra,Nagpur,Ramtek APMC,Other Maharashtra,Tomato (Hybrid),Other,FAQ,12000.0,10000.0,14000.0,0.3333,2,12000.0,11000.0,9000.0,7000.0,1900.0,10428.57,9714.29,6826.67,11000.0,9000.0,1293.63,3345.74,9000.0,12000.0,0.1507,0.0,0.4901,0,5,7,203,29,0,1,1,0,0,-0.343367,-0.939201,-0.5,-0.866025,,,,12000.0,9000.0,12000.0,0.0
Tomato (Hybrid)__Ramtek APMC__Other,2023-07-23,train,Maharashtra,Nagpur,Ramtek APMC,Other Maharashtra,Tomato (Hybrid),Other,FAQ,12000.0,10000.0,14000.0,0.3333,1,12000.0,9000.0,9000.0,7000.0,2200.0,10857.14,10071.43,7153.33,11000.0,9000.0,1245.4,3356.46,9000.0,12000.0,0.1053,0.0,0.4692,0,6,7,204,29,0,0,1,0,0,-0.359472,-0.933156,-0.5,-0.866025,,,,11000.0,12000.0,14000.0,-0.0833
Tomato (Hybrid)__Ramtek APMC__Other,2023-07-25,train,Maharashtra,Nagpur,Ramtek APMC,Other Maharashtra,Tomato (Hybrid),Other,FAQ,11000.0,10000.0,12000.0,0.1818,2,12000.0,12000.0,9000.0,9000.0,2200.0,11142.86,10214.29,7446.67,11000.0,9000.0,989.74,3294.72,9000.0,12000.0,-0.0128,-0.0833,0.4424,0,1,7,206,30,0,0,1,0,0,-0.391358,-0.920239,-0.5,-0.866025,,,,9000.0,14000.0,11000.0,-0.1818
Tomato (Hybrid)__Ramtek APMC__Other,2023-07-26,train,Maharashtra,Nagpur,Ramtek APMC,Other Maharashtra,Tomato (Hybrid),Other,FAQ,9000.0,8000.0,10000.0,0.2222,1,11000.0,12000.0,11000.0,9000.0,1900.0,10857.14,10214.29,7683.33,11000.0,9000.0,1245.4,3139.12,9000.0,12000.0,-0.1711,-0.1818,0.4086,0,2,7,207,30,0,0,1,0,0,-0.407129,-0.91337,-0.5,-0.866025,,,,12000.0,12000.0,12000.0,0.3333
Tomato (Hybrid)__Ramtek APMC__Other,2023-07-27,train,Maharashtra,Nagpur,Ramtek APMC,Other Maharashtra,Tomato (Hybrid),Other,FAQ,12000.0,10000.0,14000.0,0.3333,1,9000.0,12000.0,11000.0,11000.0,1900.0,11000.0,10285.71,8020.0,12000.0,9000.0,1309.31,3040.88,9000.0,12000.0,0.0909,0.3333,0.3792,0,3,7,208,30,0,0,1,0,0,-0.422781,-0.906232,-0.5,-0.866025,,,,14000.0,12000.0,14000.0,0.1667
Tomato (Hybrid)__Ramtek APMC__Other,2023-07-29,train,Maharashtra,Nagpur,Ramtek APMC,Other Maharashtra,Tomato (Hybrid),Other,FAQ,14000.0,10000.0,15000.0,0.3571,2,12000.0,11000.0,9000.0,9000.0,2200.0,11714.29,10642.86,8413.33,12000.0,9000.0,1385.05,3025.75,9000.0,14000.0,0.1951,0.1667,0.3596,0,5,7,210,30,0,1,1,0,0,-0.453703,-0.891153,-0.5,-0.866025,,,,12000.0,14000.0,,-0.1429
Tomato (Hybrid)__Ramtek APMC__Other,2023-07-30,train,Maharashtra,Nagpur,Ramtek APMC,Other Maharashtra,Tomato (Hybrid),Other,FAQ,12000.0,10000.0,14000.0,0.3333,1,14000.0,9000.0,12000.0,9000.0,2200.0,11714.29,10857.14,8740.0,12000.0,9000.0,1385.05,2861.89,9000.0,14000.0,0.0244,-0.1429,0.3274,0,6,7,211,30,0,0,1,0,0,-0.468965,-0.883217,-0.5,-0.866025,,,,12000.0,11000.0,,0.0
Tomato (Hybrid)__Ramtek APMC__Other,2023-08-01,train,Maharashtra,Nagpur,Ramtek APMC,Other Maharashtra,Tomato (Hybrid),Other,FAQ,12000.0,10000.0,14000.0,0.3333,2,12000.0,12000.0,12000.0,9000.0,2600.0,11714.29,11071.43,9053.33,12000.0,9000.0,1385.05,2681.38,9000.0,14000.0,0.0244,0.0,0.2962,0,1,8,213,31,0,0,1,0,0,-0.499069,-0.866562,-0.866025,-0.5,,,,14000.0,12000.0,,0.1667
Tomato (Hybrid)__Ramtek APMC__Other,2023-08-02,train,Maharashtra,Nagpur,Ramtek APMC,Other Maharashtra,Tomato (Hybrid),Other,FAQ,14000.0,13000.0,16000.0,0.2143,1,12000.0,14000.0,12000.0,9000.0,3900.0,12000.0,11428.57,9390.0,12000.0,9000.0,1603.57,2647.05,9000.0,14000.0,0.1667,0.1667,0.2819,0,2,8,214,31,0,0,1,0,0,-0.513901,-0.857849,-0.866025,-0.5,,,,11000.0,14000.0,,-0.2143
Tomato (Hybrid)__Ramtek APMC__Other,2023-08-03,train,Maharashtra,Nagpur,Ramtek APMC,Other Maharashtra,Tomato (Hybrid),Other,FAQ,11000.0,10000.0,12000.0,0.1818,1,14000.0,12000.0,11000.0,9000.0,4500.0,12000.0,11571.43,9606.67,12000.0,9000.0,1603.57,2499.86,9000.0,14000.0,-0.0833,-0.2143,0.2602,0,3,8,215,31,0,0,1,0,0,-0.528581,-0.848883,-0.866025,-0.5,,,,12000.0,,,0.0909
Tomato (Hybrid)__Ramtek APMC__Other,2023-08-05,train,Maharashtra,Nagpur,Ramtek APMC,Other Maharashtra,Tomato (Hybrid),Other,FAQ,12000.0,10000.0,14000.0,0.3333,2,11000.0,12000.0,9000.0,11000.0,4100.0,12428.57,11642.86,9870.0,12000.0,9000.0,1049.78,2315.19,11000.0,14000.0,-0.0345,0.0909,0.2346,0,5,8,217,31,0,1,1,0,0,-0.557468,-0.830198,-0.866025,-0.5,,,,14000.0,,,0.1667
Tomato (Hybrid)__Ramtek APMC__Other,2023-08-06,train,Maharashtra,Nagpur,Ramtek APMC,Other Maharashtra,Tomato (Hybrid),Other,FAQ,14000.0,12000.0,16000.0,0.2857,1,12000.0,14000.0,12000.0,11000.0,4100.0,12714.29,11857.14,10200.0,12000.0,11000.0,1160.58,2170.25,11000.0,14000.0,0.1011,0.1667,0.2128,0,6,8,218,31,0,0,1,0,0,-0.571667,-0.820486,-0.866025,-0.5,,,,,,,
Tomato (Hybrid)__Pune APMC (Moshi Sub-yard)__Local,2023-07-13,train,Maharashtra,Pune,Pune APMC (Moshi Sub-yard),Pune Cluster,Tomato (Hybrid),Local,FAQ,7000.0,5000.0,9000.0,0.5714,2,6500.0,6500.0,6500.0,3500.0,1250.0,6642.86,5607.14,3785.0,6500.0,3500.0,225.88,2021.23,6500.0,7000.0,0.0538,0.0769,0.534,0,3,7,194,28,0,0,1,0,0,-0.194431,-0.980916,-0.5,-0.866025,,,,6500.0,6500.0,7000.0,-0.0714
Tomato (Hybrid)__Pune APMC (Moshi Sub-yard)__Local,2023-07-14,train,Maharashtra,Pune,Pune APMC (Moshi Sub-yard),Pune Cluster,Tomato (Hybrid),Local,FAQ,6500.0,6000.0,7000.0,0.1538,1,7000.0,7000.0,6500.0,4500.0,950.0,6642.86,5750.0,3970.0,6500.0,3500.0,225.88,2007.22,6500.0,7000.0,-0.0215,-0.0714,0.5056,0,4,7,195,28,0,0,1,0,0,-0.211276,-0.977426,-0.5,-0.866025,,,,6000.0,7000.0,9000.0,-0.0769
Tomato (Hybrid)__Pune APMC (Moshi Sub-yard)__Local,2023-07-15,train,Maharashtra,Pune,Pune APMC (Moshi Sub-yard),Pune Cluster,Tomato (Hybrid),Local,FAQ,6000.0,4000.0,8000.0,0.6667,1,6500.0,6500.0,6500.0,3500.0,1150.0,6571.43,5928.57,4131.67,6500.0,3500.0,319.44,1968.52,6000.0,7000.0,-0.087,-0.0769,0.4764,0,5,7,196,28,0,1,1,0,0,-0.228058,-0.973648,-0.5,-0.866025,,,,6500.0,7000.0,6500.0,0.0833
Tomato (Hybrid)__Pune APMC (Moshi Sub-yard)__Local,2023-07-16,train,Maharashtra,Pune,Pune APMC (Moshi Sub-yard),Pune Cluster,Tomato (Hybrid),Local,FAQ,6500.0,5000.0,8000.0,0.4615,1,6000.0,7000.0,6500.0,3500.0,1200.0,6571.43,6142.86,4308.33,6500.0,3750.0,319.44,1935.03,6000.0,7000.0,-0.0109,0.0833,0.4491,0,6,7,197,28,0,0,1,0,0,-0.244772,-0.969581,-0.5,-0.866025,,,,7000.0,6500.0,6000.0,0.0769
Tomato (Hybrid)__Pune APMC (Moshi Sub-yard)__Local,2023-07-17,train,Maharashtra,Pune,Pune APMC (Moshi Sub-yard),Pune Cluster,Tomato (Hybrid),Local,FAQ,7000.0,6000.0,8000.0,0.2857,1,6500.0,6500.0,6500.0,3500.0,2250.0,6642.86,6392.86,4466.67,6500.0,4500.0,349.93,1954.37,6000.0,7000.0,0.0538,0.0769,0.4375,0,0,7,198,29,1,0,1,0,0,-0.261414,-0.965227,-0.5,-0.866025,,,,7000.0,7000.0,7000.0,0.0
Tomato (Hybrid)__Pune APMC (Moshi Sub-yard)__Local,2023-07-18,train,Maharashtra,Pune,Pune APMC (Moshi Sub-yard),Pune Cluster,Tomato (Hybrid),Local,FAQ,7000.0,6000.0,8000.0,0.2857,1,7000.0,6000.0,7000.0,5000.0,2250.0,6642.86,6535.71,4625.0,6500.0,5000.0,349.93,1960.77,6000.0,7000.0,0.0538,0.0,0.424,0,1,7,199,29,0,0,1,0,0,-0.277979,-0.960587,-0.5,-0.866025,,,,6500.0,9000.0,6000.0,-0.0714
Tomato (Hybrid)__Pune APMC (Moshi Sub-yard)__Local,2023-07-20,train,Maharashtra,Pune,Pune APMC (Moshi Sub-yard),Pune Cluster,Tomato (Hybrid),Local,FAQ,6500.0,5000.0,8000.0,0.4615,2,7000.0,6500.0,6500.0,5500.0,1500.0,6642.86,6607.14,4791.67,6500.0,5500.0,349.93,1899.61,6000.0,7000.0,-0.0215,-0.0714,0.3964,0,3,7,201,29,0,0,1,0,0,-0.310857,-0.950457,-0.5,-0.866025,,,,7000.0,6500.0,6500.0,0.0769
Tomato (Hybrid)__Pune APMC (Moshi Sub-yard)__Local,2023-07-21,train,Maharashtra,Pune,Pune APMC (Moshi Sub-yard),Pune Cluster,Tomato (Hybrid),Local,FAQ,7000.0,6000.0,8000.0,0.2857,1,6500.0,7000.0,7000.0,6500.0,1750.0,6642.86,6642.86,4966.67,6500.0,6000.0,349.93,1852.58,6000.0,7000.0,0.0538,0.0769,0.373,0,4,7,202,29,0,0,1,0,0,-0.32716,-0.944969,-0.5,-0.866025,,,,9000.0,6000.0,7000.0,0.2857
Tomato (Hybrid)__Pune APMC (Moshi Sub-yard)__Local,2023-07-22,train,Maharashtra,Pune,Pune APMC (Moshi Sub-yard),Pune Cluster,Tomato (Hybrid),Local,FAQ,9000.0,8000.0,10000.0,0.2222,1,7000.0,7000.0,6500.0,6500.0,1750.0,7000.0,6821.43,5208.33,7000.0,6500.0,886.41,1889.71,6000.0,9000.0,0.2857,0.2857,0.3628,0,5,7,203,29,0,1,1,0,0,-0.343367,-0.939201,-0.5,-0.866025,,,,6500.0,7000.0,7000.0,-0.2778
Tomato (Hybrid)__Pune APMC (Moshi Sub-yard)__Local,2023-07-23,train,Maharashtra,Pune,Pune APMC (Moshi Sub-yard),Pune Cluster,Tomato (Hybrid),Local,FAQ,6500.0,5000.0,8000.0,0.4615,1,9000.0,6500.0,6000.0,6500.0,1400.0,7071.43,6821.43,5378.33,7000.0,6500.0,820.65,1764.73,6500.0,9000.0,-0.0808,-0.2778,0.3281,0,6,7,204,29,0,0,1,0,0,-0.359472,-0.933156,-0.5,-0.866025,,,,6000.0,6000.0,4700.0,-0.0769
Tomato (Hybrid)__Pune APMC (Moshi Sub-yard)__Local,2023-07-24,train,Maharashtra,Pune,Pune APMC (Moshi Sub-yard),Pune Cluster,Tomato (Hybrid),Local,FAQ,6000.0,5000.0,7000.0,0.3333,1,6500.0,7000.0,6500.0,6500.0,2250.0,7000.0,6785.71,5503.33,7000.0,6500.0,886.41,1668.93,6000.0,9000.0,-0.1429,-0.0769,0.3033,0,0,7,205,30,1,0,1,0,0,-0.37547,-0.926834,-0.5,-0.866025,,,,7000.0,6500.0,9500.0,0.1667
Tomato (Hybrid)__Pune APMC (Moshi Sub-yard)__Local,2023-07-25,train,Maharashtra,Pune,Pune APMC (Moshi Sub-yard),Pune Cluster,Tomato (Hybrid),Local,FAQ,7000.0,6000.0,8000.0,0.2857,1,6000.0,9000.0,7000.0,6500.0,2100.0,7000.0,6821.43,5666.67,7000.0,6500.0,886.41,1564.36,6000.0,9000.0,0.0,0.1667,0.2761,0,1,7,206,30,0,0,1,0,0,-0.391358,-0.920239,-0.5,-0.866025,,,,6000.0,7000.0,9500.0,-0.1429
Tomato (Hybrid)__Pune APMC (Moshi Sub-yard)__Local,2023-07-27,train,Maharashtra,Pune,Pune APMC (Moshi Sub-yard),Pune Cluster,Tomato (Hybrid),Local,FAQ,6000.0,4000.0,8000.0,0.6667,2,7000.0,6500.0,7000.0,7000.0,2750.0,6857.14,6750.0,5775.0,6500.0,6500.0,952.98,1468.2,6000.0,9000.0,-0.125,-0.1429,0.2542,0,3,7,208,30,0,0,1,0,0,-0.422781,-0.906232,-0.5,-0.866025,,,,6500.0,7000.0,8500.0,0.0833
Tomato (Hybrid)__Pune APMC (Moshi Sub-yard)__Local,2023-07-28,train,Maharashtra,Pune,Pune APMC (Moshi Sub-yard),Pune Cluster,Tomato (Hybrid),Local,FAQ,6500.0,5000.0,8000.0,0.4615,1,6000.0,6000.0,6500.0,6500.0,3250.0,6857.14,6750.0,5883.33,6500.0,6500.0,952.98,1396.03,6000.0,9000.0,-0.0521,0.0833,0.2373,0,4,7,209,30,0,0,1,0,0,-0.438307,-0.898825,-0.5,-0.866025,,,,7000.0,4700.0,7500.0,0.0769
Tomato (Hybrid)__Pune APMC (Moshi Sub-yard)__Local,2023-07-29,train,Maharashtra,Pune,Pune APMC (Moshi Sub-yard),Pune Cluster,Tomato (Hybrid),Local,FAQ,7000.0,5000.0,9000.0,0.5714,1,6500.0,7000.0,7000.0,7000.0,3250.0,6857.14,6750.0,6008.33,6500.0,6500.0,952.98,1320.48,6000.0,9000.0,0.0208,0.0769,0.2198,0,5,7,210,30,0,1,1,0,0,-0.453703,-0.891153,-0.5,-0.866025,,,,7000.0,9500.0,9000.0,0.0
Tomato (Hybrid)__Pune APMC (Moshi Sub-yard)__Local,2023-07-30,train,Maharashtra,Pune,Pune APMC (Moshi Sub-yard),Pune Cluster,Tomato (Hybrid),Local,FAQ,7000.0,5000.0,9000.0,0.5714,1,7000.0,6000.0,9000.0,6500.0,3750.0,6571.43,6785.71,6116.67,6500.0,6500.0,416.5,1262.82,6000.0,7000.0,0.0652,0.0,0.2065,0,6,7,211,30,0,0,1,0,0,-0.468965,-0.883217,-0.5,-0.866025,,,,4700.0,9500.0,,-0.3286
Tomato (Hybrid)__Pune APMC (Moshi Sub-yard)__Local,2023-07-31,train,Maharashtra,Pune,Pune APMC (Moshi Sub-yard),Pune Cluster,Tomato (Hybrid),Local,FAQ,4700.0,900.0,8500.0,1.617,1,7000.0,6500.0,6500.0,6000.0,3500.0,6314.29,6692.86,6156.67,6500.0,6500.0,779.06,1196.57,4700.0,7000.0,-0.2557,-0.3286,0.1944,0,0,7,212,31,1,0,1,0,0,-0.484089,-0.875019,-0.5,-0.866025,,,,9500.0,8500.0,,1.0213
Tomato (Hybrid)__Pune APMC (Moshi Sub-yard)__Local,2023-08-01,train,Maharashtra,Pune,Pune APMC (Moshi Sub-yard),Pune Cluster,Tomato (Hybrid),Local,FAQ,9500.0,7000.0,12000.0,0.5263,1,4700.0,7000.0,6000.0,6500.0,4500.0,6814.29,6907.14,6323.33,7000.0,6500.0,1338.9,1298.12,4700.0,9500.0,0.3941,1.0213,0.2053,0,1,8,213,31,0,0,1,0,0,-0.499069,-0.866562,-0.866025,-0.5,,,,9500.0,7500.0,,0.0
Tomato (Hybrid)__Pune APMC (Moshi Sub-yard)__Local,2023-08-03,train,Maharashtra,Pune,Pune APMC (Moshi Sub-yard),Pune Cluster,Tomato (Hybrid),Local,FAQ,9500.0,9000.0,10000.0,0.1053,2,9500.0,7000.0,7000.0,7000.0,3500.0,7171.43,7085.71,6523.33,7000.0,6500.0,1640.31,1309.88,4700.0,9500.0,0.3247,0.0,0.2008,0,3,8,215,31,0,0,1,0,0,-0.528581,-0.848883,-0.866025,-0.5,,,,8500.0,9000.0,,-0.1053
Tomato (Hybrid)__Pune APMC (Moshi Sub-yard)__Local,2023-08-04,train,Maharashtra,Pune,Pune APMC (Moshi Sub-yard),Pune Cluster,Tomato (Hybrid),Local,FAQ,8500.0,8000.0,9000.0,0.1176,1,9500.0,4700.0,6000.0,7000.0,3500.0,7528.57,7192.86,6690.0,7000.0,6500.0,1618.39,1230.27,4700.0,9500.0,0.129,-0.1053,0.1839,0,4,8,216,31,0,0,1,0,0,-0.543105,-0.839665,-0.866025,-0.5,,,,7500.0,,,-0.1176
Tomato (Hybrid)__Pune APMC (Moshi Sub-yard)__Local,2023-08-05,train,Maharashtra,Pune,Pune APMC (Moshi Sub-yard),Pune Cluster,Tomato (Hybrid),Local,FAQ,7500.0,7000.0,8000.0,0.1333,1,8500.0,9500.0,6500.0,6500.0,3500.0,7671.43,7264.29,6823.33,7500.0,6500.0,1564.53,1085.57,4700.0,9500.0,-0.0223,-0.1176,0.1591,0,5,8,217,31,0,1,1,0,0,-0.557468,-0.830198,-0.866025,-0.5,,,,9000.0,,,0.2
Tomato (Hybrid)__Pune APMC (Moshi Sub-yard)__Local,2023-08-06,train,Maharashtra,Pune,Pune APMC (Moshi Sub-yard),Pune Cluster,Tomato (Hybrid),Local,FAQ,9000.0,8000.0,10000.0,0.2222,1,7500.0,9500.0,7000.0,7000.0,5000.0,7957.14,7407.14,6956.67,8500.0,6500.0,1598.09,1098.99,4700.0,9500.0,0.1311,0.2,0.158,0,6,8,218,31,0,0,1,0,0,-0.571667,-0.820486,-0.866025,-0.5,,,,,,,
Tomato (Hybrid)__Kamthi APMC__Local,2023-07-06,train,Maharashtra,Nagpur,Kamthi APMC,Other Maharashtra,Tomato (Hybrid),Local,FAQ,9000.0,8000.0,10000.0,0.2222,1,10000.0,8000.0,5500.0,3500.0,1400.0,9142.86,7321.43,4710.0,10000.0,3500.0,1551.83,2899.35,6000.0,11000.0,-0.0156,-0.1,0.6156,0,3,7,187,27,0,0,1,0,0,-0.07519,-0.997169,-0.5,-0.866025,,,,9000.0,9000.0,9000.0,0.0
Tomato (Hybrid)__Kamthi APMC__Local,2023-07-07,train,Maharashtra,Nagpur,Kamthi APMC,Other Maharashtra,Tomato (Hybrid),Local,FAQ,9000.0,8000.0,10000.0,0.2222,1,9000.0,10000.0,6000.0,6000.0,1600.0,9571.43,7535.71,4956.67,10000.0,4500.0,903.51,2938.78,8000.0,11000.0,-0.0597,0.0,0.5929,0,4,7,188,27,0,0,1,0,0,-0.092331,-0.995728,-0.5,-0.866025,,,,9000.0,9000.0,9000.0,0.0
Tomato (Hybrid)__Kamthi APMC__Local,2023-07-08,train,Maharashtra,Nagpur,Kamthi APMC,Other Maharashtra,Tomato (Hybrid),Local,FAQ,9000.0,8000.0,10000.0,0.2222,1,9000.0,10000.0,11000.0,4500.0,1800.0,9285.71,7857.14,5196.67,9000.0,5500.0,699.85,2965.07,8000.0,10000.0,-0.0308,0.0,0.5706,0,5,7,189,27,0,1,1,0,0,-0.109446,-0.993993,-0.5,-0.866025,,,,9000.0,9000.0,9000.0,0.0
Tomato (Hybrid)__Kamthi APMC__Local,2023-07-09,train,Maharashtra,Nagpur,Kamthi APMC,Other Maharashtra,Tomato (Hybrid),Local,FAQ,9000.0,8000.0,10000.0,0.2222,1,9000.0,9000.0,10000.0,6000.0,1800.0,9142.86,8071.43,5436.67,9000.0,5500.0,638.88,2971.81,8000.0,10000.0,-0.0156,0.0,0.5466,0,6,7,190,27,0,0,1,0,0,-0.126528,-0.991963,-0.5,-0.866025,,,,9000.0,900.0,9000.0,0.0
Tomato (Hybrid)__Kamthi APMC__Local,2023-07-10,train,Maharashtra,Nagpur,Kamthi APMC,Other Maharashtra,Tomato (Hybrid),Local,FAQ,9000.0,8000.0,10000.0,0.2222,1,9000.0,9000.0,8000.0,5500.0,1600.0,9285.71,8321.43,5683.33,9000.0,5500.0,451.75,2950.15,9000.0,10000.0,-0.0308,0.0,0.5191,0,0,7,191,28,1,0,1,0,0,-0.143572,-0.98964,-0.5,-0.866025,,,,9000.0,9000.0,8000.0,0.0
Tomato (Hybrid)__Kamthi APMC__Local,2023-07-11,train,Maharashtra,Nagpur,Kamthi APMC,Other Maharashtra,Tomato (Hybrid),Local,FAQ,9000.0,8000.0,10000.0,0.2222,1,9000.0,9000.0,10000.0,5500.0,1800.0,9142.86,8571.43,5923.33,9000.0,5500.0,349.93,2917.15,9000.0,10000.0,-0.0156,0.0,0.4925,0,1,7,192,28,0,0,1,0,0,-0.160575,-0.987024,-0.5,-0.866025,,,,900.0,9000.0,9000.0,-0.9
Tomato (Hybrid)__Kamthi APMC__Local,2023-07-12,train,Maharashtra,Nagpur,Kamthi APMC,Other Maharashtra,Tomato (Hybrid),Local,FAQ,900.0,800.0,1000.0,0.2222,1,9000.0,9000.0,10000.0,5500.0,1600.0,7842.86,8242.86,5900.0,9000.0,5500.0,2834.41,2954.21,900.0,9000.0,-0.8852,-0.9,0.5007,0,2,7,193,28,0,0,1,0,0,-0.177529,-0.984116,-0.5,-0.866025,,,,9000.0,9000.0,9000.0,9.0
Tomato (Hybrid)__Kamthi APMC__Local,2023-07-13,train,Maharashtra,Nagpur,Kamthi APMC,Other Maharashtra,Tomato (Hybrid),Local,FAQ,9000.0,8000.0,10000.0,0.2222,1,900.0,9000.0,9000.0,5500.0,1600.0,7842.86,8492.86,6146.67,9000.0,6000.0,2834.41,2893.18,900.0,9000.0,0.1475,9.0,0.4707,0,3,7,194,28,0,0,1,0,0,-0.194431,-0.980916,-0.5,-0.866025,,,,9000.0,9000.0,8000.0,0.0
Tomato (Hybrid)__Kamthi APMC__Local,2023-07-14,train,Maharashtra,Nagpur,Kamthi APMC,Other Maharashtra,Tomato (Hybrid),Local,FAQ,9000.0,8000.0,10000.0,0.2222,1,9000.0,9000.0,9000.0,6000.0,2000.0,7842.86,8707.14,6380.0,9000.0,6000.0,2834.41,2830.95,900.0,9000.0,0.1475,0.0,0.4437,0,4,7,195,28,0,0,1,0,0,-0.211276,-0.977426,-0.5,-0.866025,,,,9000.0,8000.0,9000.0,0.0
Tomato (Hybrid)__Kamthi APMC__Local,2023-07-16,train,Maharashtra,Nagpur,Kamthi APMC,Other Maharashtra,Tomato (Hybrid),Local,FAQ,9000.0,8000.0,10000.0,0.2222,2,9000.0,900.0,9000.0,11000.0,3000.0,7842.86,8564.29,6580.0,9000.0,6000.0,2834.41,2796.83,900.0,9000.0,0.1475,0.0,0.4251,0,6,7,197,28,0,0,1,0,0,-0.244772,-0.969581,-0.5,-0.866025,,,,9000.0,9000.0,8000.0,0.0
Tomato (Hybrid)__Kamthi APMC__Local,2023-07-17,train,Maharashtra,Nagpur,Kamthi APMC,Other Maharashtra,Tomato (Hybrid),Local,FAQ,9000.0,8000.0,10000.0,0.2222,1,9000.0,9000.0,9000.0,10000.0,3000.0,7842.86,8492.86,6780.0,9000.0,8000.0,2834.41,2747.77,900.0,9000.0,0.1475,0.0,0.4053,0,0,7,198,29,1,0,1,0,0,-0.261414,-0.965227,-0.5,-0.866025,,,,8000.0,9000.0,9000.0,-0.1111
Tomato (Hybrid)__Kamthi APMC__Local,2023-07-18,train,Maharashtra,Nagpur,Kamthi APMC,Other Maharashtra,Tomato (Hybrid),Local,FAQ,8000.0,7000.0,9000.0,0.25,1,9000.0,9000.0,9000.0,8000.0,3000.0,7700.0,8492.86,6946.67,9000.0,8000.0,2797.45,2663.8,900.0,9000.0,0.039,-0.1111,0.3835,0,1,7,199,29,0,0,1,0,0,-0.277979,-0.960587,-0.5,-0.866025,,,,9000.0,8000.0,10000.0,0.125
Tomato (Hybrid)__Kamthi APMC__Local,2023-07-19,train,Maharashtra,Nagpur,Kamthi APMC,Other Maharashtra,Tomato (Hybrid),Local,FAQ,9000.0,8000.0,10000.0,0.2222,1,8000.0,9000.0,9000.0,10000.0,3000.0,7700.0,8421.43,7146.67,9000.0,9000.0,2797.45,2584.02,900.0,9000.0,0.1688,0.125,0.3616,0,2,7,200,29,0,0,1,0,0,-0.294462,-0.955663,-0.5,-0.866025,,,,9000.0,9000.0,10000.0,0.0
Tomato (Hybrid)__Kamthi APMC__Local,2023-07-20,train,Maharashtra,Nagpur,Kamthi APMC,Other Maharashtra,Tomato (Hybrid),Local,FAQ,9000.0,8000.0,10000.0,0.2222,1,9000.0,9000.0,900.0,10000.0,3000.0,8857.14,8350.0,7346.67,9000.0,9000.0,349.93,2485.66,8000.0,9000.0,0.0161,0.0,0.3383,0,3,7,201,29,0,0,1,0,0,-0.310857,-0.950457,-0.5,-0.866025,,,,8000.0,8000.0,11000.0,-0.1111
Tomato (Hybrid)__Kamthi APMC__Local,2023-07-21,train,Maharashtra,Nagpur,Kamthi APMC,Other Maharashtra,Tomato (Hybrid),Local,FAQ,8000.0,7000.0,9000.0,0.25,1,9000.0,8000.0,9000.0,9000.0,3000.0,8714.29,8278.57,7513.33,9000.0,9000.0,451.75,2352.69,8000.0,9000.0,-0.082,-0.1111,0.3131,0,4,7,202,29,0,0,1,0,0,-0.32716,-0.944969,-0.5,-0.866025,,,,9000.0,9000.0,12000.0,0.125
Tomato (Hybrid)__Kamthi APMC__Local,2023-07-23,train,Maharashtra,Nagpur,Kamthi APMC,Other Maharashtra,Tomato (Hybrid),Local,FAQ,9000.0,8000.0,10000.0,0.2222,2,8000.0,9000.0,9000.0,9000.0,3500.0,8714.29,8278.57,7696.67,9000.0,9000.0,451.75,2244.62,8000.0,9000.0,0.0328,0.125,0.2916,0,6,7,204,29,0,0,1,0,0,-0.359472,-0.933156,-0.5,-0.866025,,,,8000.0,10000.0,14000.0,-0.1111
Tomato (Hybrid)__Kamthi APMC__Local,2023-07-24,train,Maharashtra,Nagpur,Kamthi APMC,Other Maharashtra,Tomato (Hybrid),Local,FAQ,8000.0,7000.0,9000.0,0.25,1,9000.0,9000.0,9000.0,9000.0,3500.0,8571.43,8207.14,7846.67,9000.0,9000.0,494.87,2105.19,8000.0,9000.0,-0.0667,-0.1111,0.2683,0,0,7,205,30,1,0,1,0,0,-0.37547,-0.926834,-0.5,-0.866025,,,,9000.0,10000.0,11000.0,0.125
Tomato (Hybrid)__Kamthi APMC__Local,2023-07-25,train,Maharashtra,Nagpur,Kamthi APMC,Other Maharashtra,Tomato (Hybrid),Local,FAQ,9000.0,8000.0,10000.0,0.2222,1,8000.0,8000.0,9000.0,9000.0,6000.0,8571.43,8207.14,7946.67,9000.0,9000.0,494.87,2086.26,8000.0,9000.0,0.05,0.125,0.2625,0,1,7,206,30,0,0,1,0,0,-0.391358,-0.920239,-0.5,-0.866025,,,,10000.0,11000.0,11000.0,0.1111
Tomato (Hybrid)__Kamthi APMC__Local,2023-07-26,train,Maharashtra,Nagpur,Kamthi APMC,Other Maharashtra,Tomato (Hybrid),Local,FAQ,10000.0,9000.0,11000.0,0.2,1,9000.0,9000.0,8000.0,9000.0,4500.0,8857.14,8278.57,8130.0,9000.0,9000.0,638.88,2015.8,8000.0,10000.0,0.129,0.1111,0.2479,0,2,7,207,30,0,0,1,0,0,-0.407129,-0.91337,-0.5,-0.866025,,,,10000.0,12000.0,11000.0,0.0
Tomato (Hybrid)__Kamthi APMC__Local,2023-07-27,train,Maharashtra,Nagpur,Kamthi APMC,Other Maharashtra,Tomato (Hybrid),Local,FAQ,10000.0,9000.0,11000.0,0.2,1,10000.0,8000.0,9000.0,9000.0,6000.0,9000.0,8350.0,8263.33,9000.0,9000.0,755.93,2002.75,8000.0,10000.0,0.1111,0.0,0.2424,0,3,7,208,30,0,0,1,0,0,-0.422781,-0.906232,-0.5,-0.866025,,,,11000.0,14000.0,10000.0,0.1
Tomato (Hybrid)__Kamthi APMC__Local,2023-07-28,train,Maharashtra,Nagpur,Kamthi APMC,Other Maharashtra,Tomato (Hybrid),Local,FAQ,11000.0,10000.0,12000.0,0.1818,1,10000.0,9000.0,9000.0,900.0,5500.0,9285.71,9071.43,8446.67,9000.0,9000.0,1030.16,1993.11,8000.0,11000.0,0.1846,0.1,0.236,0,4,7,209,30,0,0,1,0,0,-0.438307,-0.898825,-0.5,-0.866025,,,,12000.0,11000.0,8000.0,0.0909
Tomato (Hybrid)__Kamthi APMC__Local,2023-07-30,train,Maharashtra,Nagpur,Kamthi APMC,Other Maharashtra,Tomato (Hybrid),Local,FAQ,12000.0,11000.0,13000.0,0.1667,2,11000.0,10000.0,8000.0,9000.0,5500.0,9857.14,9285.71,8663.33,10000.0,9000.0,1245.4,2014.2,8000.0,12000.0,0.2174,0.0909,0.2325,0,6,7,211,30,0,0,1,0,0,-0.468965,-0.883217,-0.5,-0.866025,,,,14000.0,11000.0,6300.0,0.1667
Tomato (Hybrid)__Kamthi APMC__Local,2023-08-01,train,Maharashtra,Nagpur,Kamthi APMC,Other Maharashtra,Tomato (Hybrid),Local,FAQ,14000.0,13000.0,15000.0,0.1429,2,12000.0,10000.0,9000.0,9000.0,5500.0,10571.43,9642.86,8946.67,10000.0,9000.0,1840.59,2143.01,8000.0,14000.0,0.3243,0.1667,0.2395,0,1,8,213,31,0,0,1,0,0,-0.499069,-0.866562,-0.866025,-0.5,,,,11000.0,11000.0,4500.0,-0.2143
Tomato (Hybrid)__Kamthi APMC__Local,2023-08-02,train,Maharashtra,Nagpur,Kamthi APMC,Other Maharashtra,Tomato (Hybrid),Local,FAQ,11000.0,10000.0,12000.0,0.1818,1,14000.0,11000.0,8000.0,9000.0,5500.0,11000.0,9785.71,9130.0,11000.0,9000.0,1511.86,2074.47,9000.0,14000.0,0.0,-0.2143,0.2272,0,2,8,214,31,0,0,1,0,0,-0.513901,-0.857849,-0.866025,-0.5,,,,11000.0,10000.0,4000.0,0.0
Tomato (Hybrid)__Kamthi APMC__Local,2023-08-03,train,Maharashtra,Nagpur,Kamthi APMC,Other Maharashtra,Tomato (Hybrid),Local,FAQ,11000.0,10000.0,12000.0,0.1818,1,11000.0,12000.0,9000.0,9000.0,6000.0,11285.71,9928.57,9296.67,11000.0,9000.0,1277.75,2016.35,10000.0,14000.0,-0.0253,0.0,0.2169,0,3,8,215,31,0,0,1,0,0,-0.528581,-0.848883,-0.866025,-0.5,,,,11000.0,8000.0,3000.0,0.0
Tomato (Hybrid)__Kamthi APMC__Local,2023-08-04,train,Maharashtra,Nagpur,Kamthi APMC,Other Maharashtra,Tomato (Hybrid),Local,FAQ,11000.0,10000.0,12000.0,0.1818,1,11000.0,14000.0,10000.0,8000.0,11000.0,11428.57,10142.86,9296.67,11000.0,9000.0,1178.03,2016.35,10000.0,14000.0,-0.0375,0.0,0.2169,0,4,8,216,31,0,0,1,0,0,-0.543105,-0.839665,-0.866025,-0.5,,,,10000.0,6300.0,1500.0,-0.0909
Tomato (Hybrid)__Kamthi APMC__Local,2023-08-05,train,Maharashtra,Nagpur,Kamthi APMC,Other Maharashtra,Tomato (Hybrid),Local,FAQ,10000.0,9000.0,11000.0,0.2,1,11000.0,11000.0,10000.0,9000.0,10000.0,11428.57,10214.29,9296.67,11000.0,9000.0,1178.03,2016.35,10000.0,14000.0,-0.125,-0.0909,0.2169,0,5,8,217,31,0,1,1,0,0,-0.557468,-0.830198,-0.866025,-0.5,,,,8000.0,4500.0,1000.0,-0.2
Tomato (Hybrid)__Kamthi APMC__Local,2023-08-06,train,Maharashtra,Nagpur,Kamthi APMC,Other Maharashtra,Tomato (Hybrid),Local,FAQ,8000.0,7000.0,9000.0,0.25,1,10000.0,11000.0,11000.0,9000.0,8000.0,11000.0,10142.86,9296.67,11000.0,9000.0,1690.31,2016.35,8000.0,14000.0,-0.2727,-0.2,0.2169,0,6,8,218,31,0,0,1,0,0,-0.571667,-0.820486,-0.866025,-0.5,,,,6300.0,4000.0,1000.0,-0.2125
Tomato (Hybrid)__Kamthi APMC__Local,2023-08-11,train,Maharashtra,Nagpur,Kamthi APMC,Other Maharashtra,Tomato (Hybrid),Local,FAQ,6300.0,6000.0,6500.0,0.0794,5,8000.0,11000.0,12000.0,8000.0,10000.0,10185.71,10021.43,9173.33,11000.0,9000.0,2281.87,2081.66,6300.0,14000.0,-0.3815,-0.2125,0.2269,0,4,8,223,32,0,0,1,0,0,-0.640038,-0.768343,-0.866025,-0.5,,,,4500.0,3000.0,,-0.2857
Tomato (Hybrid)__Kamthi APMC__Local,2023-08-14,train,Maharashtra,Nagpur,Kamthi APMC,Other Maharashtra,Tomato (Hybrid),Local,FAQ,4500.0,4000.0,5000.0,0.2222,3,6300.0,10000.0,14000.0,9000.0,10000.0,8828.57,9700.0,8990.0,10000.0,9000.0,2430.0,2237.16,4500.0,11000.0,-0.4903,-0.2857,0.2489,0,0,8,226,33,1,0,1,0,0,-0.67882,-0.734304,-0.866025,-0.5,,,,4000.0,1500.0,,-0.1111
Tomato (Hybrid)__Kamthi APMC__Local,2023-08-16,train,Maharashtra,Nagpur,Kamthi APMC,Other Maharashtra,Tomato (Hybrid),Local,FAQ,4000.0,3500.0,4500.0,0.25,2,4500.0,8000.0,11000.0,8000.0,9000.0,7828.57,9414.29,8823.33,8000.0,9000.0,2749.92,2409.8,4000.0,11000.0,-0.4891,-0.1111,0.2731,0,2,8,228,33,0,0,1,0,0,-0.703677,-0.71052,-0.866025,-0.5,,,,3000.0,1000.0,,-0.25
Tomato (Hybrid)__Kamthi APMC__Local,2023-08-23,train,Maharashtra,Nagpur,Kamthi APMC,Other Maharashtra,Tomato (Hybrid),Local,FAQ,3000.0,2500.0,3500.0,0.3333,7,4000.0,6300.0,11000.0,9000.0,9000.0,6685.71,8985.71,8623.33,6300.0,9000.0,2854.78,2626.11,3000.0,11000.0,-0.5513,-0.25,0.3045,0,2,8,235,34,0,0,1,0,0,-0.783934,-0.620844,-0.866025,-0.5,,,,1500.0,1000.0,,-0.5
Tomato (Hybrid)__Kamthi APMC__Local,2023-09-05,train,Maharashtra,Nagpur,Kamthi APMC,Other Maharashtra,Tomato (Hybrid),Local,FAQ,1500.0,1000.0,2000.0,0.6667,13,3000.0,4500.0,11000.0,10000.0,9000.0,5328.57,8378.57,8373.33,4500.0,9000.0,2736.9,2919.01,1500.0,10000.0,-0.7185,-0.5,0.3486,0,1,9,248,36,0,0,1,0,0,-0.902099,-0.43153,-1.0,-0.0,,,,1000.0,,,-0.3333
Tomato (Hybrid)__Kamthi APMC__Local,2023-09-22,train,Maharashtra,Nagpur,Kamthi APMC,Other Maharashtra,Tomato (Hybrid),Local,FAQ,1000.0,500.0,1500.0,1.0,17,1500.0,4000.0,10000.0,10000.0,9000.0,4042.86,7735.71,8106.67,4000.0,9000.0,2323.09,3201.35,1000.0,8000.0,-0.7527,-0.3333,0.3949,0,4,9,265,38,0,0,1,0,0,-0.988204,-0.153142,-1.0,-0.0,,,,1000.0,,,0.0
Tomato (Hybrid)__Kamthi APMC__Local,2023-09-24,train,Maharashtra,Nagpur,Kamthi APMC,Other Maharashtra,Tomato (Hybrid),Local,FAQ,1000.0,500.0,1500.0,1.0,2,1000.0,3000.0,8000.0,11000.0,9000.0,3042.86,7021.43,7840.0,3000.0,9000.0,1866.13,3440.12,1000.0,6300.0,-0.6714,0.0,0.4388,0,6,9,267,38,0,0,1,0,0,-0.992887,-0.119059,-1.0,-0.0,,,,,,,
Tomato (Hybrid)__Pune APMC (Gultekdi)__Local,2023-07-13,train,Maharashtra,Pune,Pune APMC (Gultekdi),Pune Cluster,Tomato (Hybrid),Local,FAQ,6000.0,3000.0,9000.0,1.0,1,6000.0,6000.0,6500.0,3000.0,1100.0,5892.86,5142.86,3481.67,6000.0,3000.0,497.44,1838.05,5000.0,6750.0,0.0182,0.0,0.5279,0,3,7,194,28,0,0,1,0,0,-0.194431,-0.980916,-0.5,-0.866025,,,,5500.0,6000.0,6000.0,-0.0833
Tomato (Hybrid)__Pune APMC (Gultekdi)__Local,2023-07-14,train,Maharashtra,Pune,Pune APMC (Gultekdi),Pune Cluster,Tomato (Hybrid),Local,FAQ,5500.0,2000.0,9000.0,1.2727,1,6000.0,6750.0,6000.0,3250.0,1100.0,5821.43,5303.57,3628.33,6000.0,3250.0,512.6,1817.58,5000.0,6750.0,-0.0552,-0.0833,0.5009,0,4,7,195,28,0,0,1,0,0,-0.211276,-0.977426,-0.5,-0.866025,,,,6000.0,6000.0,6000.0,0.0909
Tomato (Hybrid)__Pune APMC (Gultekdi)__Local,2023-07-16,train,Maharashtra,Pune,Pune APMC (Gultekdi),Pune Cluster,Tomato (Hybrid),Local,FAQ,6000.0,3000.0,9000.0,1.0,2,5500.0,6000.0,5000.0,4000.0,1100.0,5964.29,5446.43,3791.67,6000.0,3500.0,387.96,1803.15,5500.0,6750.0,0.006,0.0909,0.4756,0,6,7,197,28,0,0,1,0,0,-0.244772,-0.969581,-0.5,-0.866025,,,,6000.0,6750.0,6500.0,0.0
Tomato (Hybrid)__Pune APMC (Gultekdi)__Local,2023-07-17,train,Maharashtra,Pune,Pune APMC (Gultekdi),Pune Cluster,Tomato (Hybrid),Local,FAQ,6000.0,3000.0,9000.0,1.0,1,6000.0,6000.0,5500.0,3500.0,1200.0,6035.71,5625.0,3951.67,6000.0,3500.0,338.82,1778.88,5500.0,6750.0,-0.0059,0.0,0.4502,0,0,7,198,29,1,0,1,0,0,-0.261414,-0.965227,-0.5,-0.866025,,,,6000.0,6500.0,6500.0,0.0
Tomato (Hybrid)__Pune APMC (Gultekdi)__Local,2023-07-18,train,Maharashtra,Pune,Pune APMC (Gultekdi),Pune Cluster,Tomato (Hybrid),Local,FAQ,6000.0,3000.0,9000.0,1.0,1,6000.0,5500.0,6000.0,3500.0,1750.0,6035.71,5803.57,4093.33,6000.0,3500.0,338.82,1767.09,5500.0,6750.0,-0.0059,0.0,0.4317,0,1,7,199,29,0,0,1,0,0,-0.277979,-0.960587,-0.5,-0.866025,,,,6750.0,6000.0,7000.0,0.125
Tomato (Hybrid)__Pune APMC (Gultekdi)__Local,2023-07-19,train,Maharashtra,Pune,Pune APMC (Gultekdi),Pune Cluster,Tomato (Hybrid),Local,FAQ,6750.0,3500.0,10000.0,0.963,1,6000.0,6000.0,6750.0,3500.0,1750.0,6035.71,6035.71,4260.0,6000.0,4000.0,338.82,1774.0,5500.0,6750.0,0.1183,0.125,0.4164,0,2,7,200,29,0,0,1,0,0,-0.294462,-0.955663,-0.5,-0.866025,,,,6500.0,6000.0,7500.0,-0.037
Tomato (Hybrid)__Pune APMC (Gultekdi)__Local,2023-07-20,train,Maharashtra,Pune,Pune APMC (Gultekdi),Pune Cluster,Tomato (Hybrid),Local,FAQ,6500.0,3000.0,10000.0,1.0769,1,6750.0,6000.0,6000.0,6500.0,1750.0,6107.14,6035.71,4418.33,6000.0,5000.0,374.57,1754.78,5500.0,6750.0,0.0643,-0.037,0.3972,0,3,7,201,29,0,0,1,0,0,-0.310857,-0.950457,-0.5,-0.866025,,,,6000.0,6500.0,6000.0,-0.0769
Tomato (Hybrid)__Pune APMC (Gultekdi)__Local,2023-07-21,train,Maharashtra,Pune,Pune APMC (Gultekdi),Pune Cluster,Tomato (Hybrid),Local,FAQ,6000.0,3000.0,9000.0,1.0,1,6500.0,6000.0,6000.0,6500.0,1550.0,6107.14,6000.0,4566.67,6000.0,5500.0,374.57,1693.04,5500.0,6750.0,-0.0175,-0.0769,0.3707,0,4,7,202,29,0,0,1,0,0,-0.32716,-0.944969,-0.5,-0.866025,,,,6000.0,6500.0,6000.0,0.0
Tomato (Hybrid)__Pune APMC (Gultekdi)__Local,2023-07-23,train,Maharashtra,Pune,Pune APMC (Gultekdi),Pune Cluster,Tomato (Hybrid),Local,FAQ,6000.0,3000.0,9000.0,1.0,2,6000.0,6750.0,5500.0,6000.0,1750.0,6178.57,6000.0,4708.33,6000.0,5500.0,290.14,1627.99,6000.0,6750.0,-0.0289,0.0,0.3458,0,6,7,204,29,0,0,1,0,0,-0.359472,-0.933156,-0.5,-0.866025,,,,6500.0,7000.0,6500.0,0.0833
Tomato (Hybrid)__Pune APMC (Gultekdi)__Local,2023-07-24,train,Maharashtra,Pune,Pune APMC (Gultekdi),Pune Cluster,Tomato (Hybrid),Local,FAQ,6500.0,3000.0,10000.0,1.0769,1,6000.0,6500.0,6000.0,5000.0,1750.0,6250.0,6107.14,4866.67,6000.0,6000.0,298.81,1562.23,6000.0,6750.0,0.04,0.0833,0.321,0,0,7,205,30,1,0,1,0,0,-0.37547,-0.926834,-0.5,-0.866025,,,,6500.0,7500.0,7500.0,0.0
Tomato (Hybrid)__Pune APMC (Gultekdi)__Local,2023-07-25,train,Maharashtra,Pune,Pune APMC (Gultekdi),Pune Cluster,Tomato (Hybrid),Local,FAQ,6500.0,3000.0,10000.0,1.0769,1,6500.0,6000.0,6000.0,5500.0,2000.0,6321.43,6178.57,5016.67,6500.0,6000.0,290.14,1494.34,6000.0,6750.0,0.0282,0.0,0.2979,0,1,7,206,30,0,0,1,0,0,-0.391358,-0.920239,-0.5,-0.866025,,,,7000.0,6000.0,8500.0,0.0769
Tomato (Hybrid)__Pune APMC (Gultekdi)__Local,2023-07-26,train,Maharashtra,Pune,Pune APMC (Gultekdi),Pune Cluster,Tomato (Hybrid),Local,FAQ,7000.0,4000.0,10000.0,0.8571,1,6500.0,6000.0,6000.0,6000.0,2750.0,6464.29,6250.0,5158.33,6500.0,6000.0,338.82,1474.06,6000.0,7000.0,0.0829,0.0769,0.2858,0,2,7,207,30,0,0,1,0,0,-0.407129,-0.91337,-0.5,-0.866025,,,,7500.0,6000.0,6500.0,0.0714
Tomato (Hybrid)__Pune APMC (Gultekdi)__Local,2023-07-27,train,Maharashtra,Pune,Pune APMC (Gultekdi),Pune Cluster,Tomato (Hybrid),Local,FAQ,7500.0,3000.0,11000.0,1.0667,1,7000.0,6500.0,6750.0,6750.0,2750.0,6571.43,6303.57,5316.67,6500.0,6000.0,494.87,1461.92,6000.0,7500.0,0.1413,0.0714,0.275,0,3,7,208,30,0,0,1,0,0,-0.422781,-0.906232,-0.5,-0.866025,,,,6000.0,6500.0,6000.0,-0.2
Tomato (Hybrid)__Pune APMC (Gultekdi)__Local,2023-07-28,train,Maharashtra,Pune,Pune APMC (Gultekdi),Pune Cluster,Tomato (Hybrid),Local,FAQ,6000.0,3000.0,9000.0,1.0,1,7500.0,6500.0,6500.0,6000.0,2750.0,6500.0,6303.57,5425.0,6500.0,6000.0,534.52,1386.17,6000.0,7500.0,-0.0769,-0.2,0.2555,0,4,7,209,30,0,0,1,0,0,-0.438307,-0.898825,-0.5,-0.866025,,,,6000.0,7500.0,8000.0,0.0
Tomato (Hybrid)__Pune APMC (Gultekdi)__Local,2023-07-30,train,Maharashtra,Pune,Pune APMC (Gultekdi),Pune Cluster,Tomato (Hybrid),Local,FAQ,6000.0,3000.0,9000.0,1.0,2,6000.0,7000.0,6000.0,6000.0,2750.0,6500.0,6303.57,5533.33,6500.0,6000.0,534.52,1297.01,6000.0,7500.0,-0.0769,0.0,0.2344,0,6,7,211,30,0,0,1,0,0,-0.468965,-0.883217,-0.5,-0.866025,,,,6500.0,8500.0,,0.0833
Tomato (Hybrid)__Pune APMC (Gultekdi)__Local,2023-07-31,train,Maharashtra,Pune,Pune APMC (Gultekdi),Pune Cluster,Tomato (Hybrid),Local,FAQ,6500.0,3000.0,10000.0,1.0769,1,6000.0,7500.0,6000.0,5500.0,2750.0,6571.43,6375.0,5658.33,6500.0,6000.0,494.87,1199.8,6000.0,7500.0,-0.0109,0.0833,0.212,0,0,7,212,31,1,0,1,0,0,-0.484089,-0.875019,-0.5,-0.866025,,,,7500.0,6500.0,,0.1538
Tomato (Hybrid)__Pune APMC (Gultekdi)__Local,2023-08-01,train,Maharashtra,Pune,Pune APMC (Gultekdi),Pune Cluster,Tomato (Hybrid),Local,FAQ,7500.0,4000.0,11000.0,0.9333,1,6500.0,6000.0,6500.0,6000.0,3000.0,6714.29,6482.14,5808.33,6500.0,6000.0,589.02,1137.77,6000.0,7500.0,0.117,0.1538,0.1959,0,1,8,213,31,0,0,1,0,0,-0.499069,-0.866562,-0.866025,-0.5,,,,8500.0,6000.0,,0.1333
Tomato (Hybrid)__Pune APMC (Gultekdi)__Local,2023-08-02,train,Maharashtra,Pune,Pune APMC (Gultekdi),Pune Cluster,Tomato (Hybrid),Local,FAQ,8500.0,5000.0,12000.0,0.8235,1,7500.0,6000.0,6500.0,6000.0,3250.0,7000.0,6660.71,5983.33,7000.0,6000.0,845.15,1134.56,6000.0,8500.0,0.2143,0.1333,0.1896,0,2,8,214,31,0,0,1,0,0,-0.513901,-0.857849,-0.866025,-0.5,,,,6500.0,8000.0,,-0.2353
Tomato (Hybrid)__Pune APMC (Gultekdi)__Local,2023-08-03,train,Maharashtra,Pune,Pune APMC (Gultekdi),Pune Cluster,Tomato (Hybrid),Local,FAQ,6500.0,4000.0,9000.0,0.7692,1,8500.0,6500.0,7000.0,6000.0,4000.0,6928.57,6696.43,6066.67,6500.0,6000.0,863.07,1076.13,6000.0,8500.0,-0.0619,-0.2353,0.1774,0,3,8,215,31,0,0,1,0,0,-0.528581,-0.848883,-0.866025,-0.5,,,,6000.0,,,-0.0769
Tomato (Hybrid)__Pune APMC (Gultekdi)__Local,2023-08-04,train,Maharashtra,Pune,Pune APMC (Gultekdi),Pune Cluster,Tomato (Hybrid),Local,FAQ,6000.0,3000.0,9000.0,1.0,1,6500.0,7500.0,7500.0,6750.0,3500.0,6714.29,6642.86,6150.0,6500.0,6000.0,880.63,965.23,6000.0,8500.0,-0.1064,-0.0769,0.1569,0,4,8,216,31,0,0,1,0,0,-0.543105,-0.839665,-0.866025,-0.5,,,,8000.0,,,0.3333
Tomato (Hybrid)__Pune APMC (Gultekdi)__Local,2023-08-06,train,Maharashtra,Pune,Pune APMC (Gultekdi),Pune Cluster,Tomato (Hybrid),Local,FAQ,8000.0,4000.0,12000.0,1.0,2,6000.0,8500.0,6000.0,6500.0,3500.0,7000.0,6750.0,6300.0,6500.0,6000.0,925.82,888.35,6000.0,8500.0,0.1429,0.3333,0.141,0,6,8,218,31,0,0,1,0,0,-0.571667,-0.820486,-0.866025,-0.5,,,,,,,
Tomato (Hybrid)__Pune APMC (Manjri Sub-yard)__Other,2023-07-10,train,Maharashtra,Pune,Pune APMC (Manjri Sub-yard),Pune Cluster,Tomato (Hybrid),Other,FAQ,8200.0,6800.0,10000.0,0.3902,1,6400.0,7700.0,3400.0,2700.0,1500.0,7485.71,5657.14,3856.67,6800.0,3400.0,1193.35,2243.76,6400.0,10000.0,0.0954,0.2812,0.5818,0,0,7,191,28,1,0,1,0,0,-0.143572,-0.98964,-0.5,-0.866025,,,,7200.0,6800.0,9500.0,-0.122
Tomato (Hybrid)__Pune APMC (Manjri Sub-yard)__Other,2023-07-11,train,Maharashtra,Pune,Pune APMC (Manjri Sub-yard),Pune Cluster,Tomato (Hybrid),Other,FAQ,7200.0,6800.0,9100.0,0.3194,1,8200.0,6800.0,10000.0,3000.0,1400.0,7085.71,5957.14,4050.0,6800.0,3400.0,610.45,2273.43,6400.0,8200.0,0.0161,-0.122,0.5613,0,1,7,192,28,0,0,1,0,0,-0.160575,-0.987024,-0.5,-0.866025,,,,6800.0,9000.0,9100.0,-0.0556
Tomato (Hybrid)__Pune APMC (Manjri Sub-yard)__Other,2023-07-12,train,Maharashtra,Pune,Pune APMC (Manjri Sub-yard),Pune Cluster,Tomato (Hybrid),Other,FAQ,6800.0,4500.0,10900.0,0.9412,1,7200.0,6400.0,6500.0,4500.0,1800.0,7128.57,6121.43,4216.67,6800.0,3400.0,577.47,2285.62,6400.0,8200.0,-0.0461,-0.0556,0.542,0,2,7,193,28,0,0,1,0,0,-0.177529,-0.984116,-0.5,-0.866025,,,,6800.0,8100.0,9100.0,0.0
Tomato (Hybrid)__Pune APMC (Manjri Sub-yard)__Other,2023-07-13,train,Maharashtra,Pune,Pune APMC (Manjri Sub-yard),Pune Cluster,Tomato (Hybrid),Other,FAQ,6800.0,4500.0,10000.0,0.8088,1,6800.0,8200.0,6800.0,4800.0,1400.0,7128.57,6264.29,4396.67,6800.0,3600.0,577.47,2269.29,6400.0,8200.0,-0.0461,0.0,0.5161,0,3,7,194,28,0,0,1,0,0,-0.194431,-0.980916,-0.5,-0.866025,,,,9000.0,8100.0,9000.0,0.3235
Tomato (Hybrid)__Pune APMC (Manjri Sub-yard)__Other,2023-07-14,train,Maharashtra,Pune,Pune APMC (Manjri Sub-yard),Pune Cluster,Tomato (Hybrid),Other,FAQ,9000.0,7700.0,10900.0,0.3556,1,6800.0,7200.0,7700.0,3600.0,1400.0,7314.29,6650.0,4650.0,6800.0,3600.0,867.56,2343.61,6400.0,9000.0,0.2305,0.3235,0.504,0,4,7,195,28,0,0,1,0,0,-0.211276,-0.977426,-0.5,-0.866025,,,,8100.0,9500.0,8100.0,-0.1
Tomato (Hybrid)__Pune APMC (Manjri Sub-yard)__Other,2023-07-16,train,Maharashtra,Pune,Pune APMC (Manjri Sub-yard),Pune Cluster,Tomato (Hybrid),Other,FAQ,8100.0,6800.0,9100.0,0.284,2,9000.0,6800.0,6800.0,3400.0,2500.0,7500.0,6985.71,4836.67,7200.0,4100.0,876.68,2387.53,6400.0,9000.0,0.08,-0.1,0.4936,0,6,7,197,28,0,0,1,0,0,-0.244772,-0.969581,-0.5,-0.866025,,,,8100.0,9100.0,8100.0,0.0
Tomato (Hybrid)__Pune APMC (Manjri Sub-yard)__Other,2023-07-17,train,Maharashtra,Pune,Pune APMC (Manjri Sub-yard),Pune Cluster,Tomato (Hybrid),Other,FAQ,8100.0,4500.0,11000.0,0.8025,1,8100.0,6800.0,6400.0,4100.0,2000.0,7742.86,7271.43,5040.0,8100.0,4500.0,766.92,2397.03,6800.0,9000.0,0.0461,0.0,0.4756,0,0,7,198,29,1,0,1,0,0,-0.261414,-0.965227,-0.5,-0.866025,,,,9500.0,9100.0,8200.0,0.1728
Tomato (Hybrid)__Pune APMC (Manjri Sub-yard)__Other,2023-07-20,train,Maharashtra,Pune,Pune APMC (Manjri Sub-yard),Pune Cluster,Tomato (Hybrid),Other,FAQ,9500.0,9100.0,10500.0,0.1474,3,8100.0,9000.0,8200.0,3400.0,2000.0,7928.57,7707.14,5290.0,8100.0,4800.0,982.29,2457.28,6800.0,9500.0,0.1982,0.1728,0.4645,0,3,7,201,29,0,0,1,0,0,-0.310857,-0.950457,-0.5,-0.866025,,,,9100.0,9000.0,8600.0,-0.0421
Tomato (Hybrid)__Pune APMC (Manjri Sub-yard)__Other,2023-07-21,train,Maharashtra,Pune,Pune APMC (Manjri Sub-yard),Pune Cluster,Tomato (Hybrid),Other,FAQ,9100.0,6800.0,14000.0,0.7912,1,9500.0,8100.0,7200.0,10000.0,2500.0,8200.0,7642.86,5510.0,8100.0,6400.0,1005.7,2492.84,6800.0,9500.0,0.1098,-0.0421,0.4524,0,4,7,202,29,0,0,1,0,0,-0.32716,-0.944969,-0.5,-0.866025,,,,9100.0,8100.0,9100.0,0.0
Tomato (Hybrid)__Pune APMC (Manjri Sub-yard)__Other,2023-07-22,train,Maharashtra,Pune,Pune APMC (Manjri Sub-yard),Pune Cluster,Tomato (Hybrid),Other,FAQ,9100.0,6800.0,14000.0,0.7912,1,9100.0,8100.0,6800.0,6500.0,2300.0,8528.57,7828.57,5736.67,9000.0,6500.0,859.76,2499.8,6800.0,9500.0,0.067,0.0,0.4358,0,5,7,203,29,0,1,1,0,0,-0.343367,-0.939201,-0.5,-0.866025,,,,9000.0,8100.0,8100.0,-0.011
Tomato (Hybrid)__Pune APMC (Manjri Sub-yard)__Other,2023-07-23,train,Maharashtra,Pune,Pune APMC (Manjri Sub-yard),Pune Cluster,Tomato (Hybrid),Other,FAQ,9000.0,7200.0,11300.0,0.4556,1,9100.0,9500.0,6800.0,6800.0,2200.0,8842.86,7985.71,5963.33,9000.0,6800.0,495.28,2477.03,8100.0,9500.0,0.0178,-0.011,0.4154,0,6,7,204,29,0,0,1,0,0,-0.359472,-0.933156,-0.5,-0.866025,,,,8100.0,8200.0,9000.0,-0.1
Tomato (Hybrid)__Pune APMC (Manjri Sub-yard)__Other,2023-07-24,train,Maharashtra,Pune,Pune APMC (Manjri Sub-yard),Pune Cluster,Tomato (Hybrid),Other,FAQ,8100.0,6800.0,9100.0,0.284,1,9000.0,9100.0,9000.0,7700.0,2300.0,8714.29,8014.29,6156.67,9000.0,6800.0,551.44,2408.97,8100.0,9500.0,-0.0705,-0.1,0.3913,0,0,7,205,30,1,0,1,0,0,-0.37547,-0.926834,-0.5,-0.866025,,,,8100.0,8600.0,10500.0,0.0
Tomato (Hybrid)__Pune APMC (Manjri Sub-yard)__Other,2023-07-25,train,Maharashtra,Pune,Pune APMC (Manjri Sub-yard),Pune Cluster,Tomato (Hybrid),Other,FAQ,8100.0,6800.0,9100.0,0.284,1,8100.0,9100.0,8100.0,6800.0,2000.0,8714.29,8107.14,6360.0,9000.0,6800.0,551.44,2304.72,8100.0,9500.0,-0.0705,0.0,0.3624,0,1,7,206,30,0,0,1,0,0,-0.391358,-0.920239,-0.5,-0.866025,,,,8200.0,9100.0,10500.0,0.0123
Tomato (Hybrid)__Pune APMC (Manjri Sub-yard)__Other,2023-07-26,train,Maharashtra,Pune,Pune APMC (Manjri Sub-yard),Pune Cluster,Tomato (Hybrid),Other,FAQ,8200.0,6800.0,10500.0,0.4512,1,8100.0,9000.0,8100.0,6400.0,3000.0,8728.57,8235.71,6533.33,9000.0,6800.0,536.43,2240.14,8100.0,9500.0,-0.0606,0.0123,0.3429,0,2,7,207,30,0,0,1,0,0,-0.407129,-0.91337,-0.5,-0.866025,,,,8600.0,8100.0,7700.0,0.0488
Tomato (Hybrid)__Pune APMC (Manjri Sub-yard)__Other,2023-07-27,train,Maharashtra,Pune,Pune APMC (Manjri Sub-yard),Pune Cluster,Tomato (Hybrid),Other,FAQ,8600.0,7200.0,10500.0,0.3837,1,8200.0,8100.0,9500.0,8200.0,3400.0,8600.0,8264.29,6706.67,8600.0,7200.0,434.25,2191.64,8100.0,9100.0,0.0,0.0488,0.3268,0,3,7,208,30,0,0,1,0,0,-0.422781,-0.906232,-0.5,-0.866025,,,,9100.0,9000.0,10000.0,0.0581
Tomato (Hybrid)__Pune APMC (Manjri Sub-yard)__Other,2023-07-28,train,Maharashtra,Pune,Pune APMC (Manjri Sub-yard),Pune Cluster,Tomato (Hybrid),Other,FAQ,9100.0,8100.0,11000.0,0.3187,1,8600.0,8100.0,9100.0,7200.0,3600.0,8600.0,8400.0,6890.0,8600.0,7700.0,434.25,2153.81,8100.0,9100.0,0.0581,0.0581,0.3126,0,4,7,209,30,0,0,1,0,0,-0.438307,-0.898825,-0.5,-0.866025,,,,8100.0,10500.0,10000.0,-0.1099
Tomato (Hybrid)__Pune APMC (Manjri Sub-yard)__Other,2023-07-29,train,Maharashtra,Pune,Pune APMC (Manjri Sub-yard),Pune Cluster,Tomato (Hybrid),Other,FAQ,8100.0,6800.0,9100.0,0.284,1,9100.0,8200.0,9100.0,6800.0,2700.0,8457.14,8492.86,7070.0,8200.0,8100.0,410.08,2017.45,8100.0,9100.0,-0.0422,-0.1099,0.2854,0,5,7,210,30,0,1,1,0,0,-0.453703,-0.891153,-0.5,-0.866025,,,,9000.0,10500.0,9100.0,0.1111
Tomato (Hybrid)__Pune APMC (Manjri Sub-yard)__Other,2023-07-30,train,Maharashtra,Pune,Pune APMC (Manjri Sub-yard),Pune Cluster,Tomato (Hybrid),Other,FAQ,9000.0,7000.0,14000.0,0.7778,1,8100.0,8600.0,9000.0,6800.0,3000.0,8457.14,8650.0,7270.0,8200.0,8100.0,410.08,1897.92,8100.0,9100.0,0.0642,0.1111,0.2611,0,6,7,211,30,0,0,1,0,0,-0.468965,-0.883217,-0.5,-0.866025,,,,10500.0,7700.0,9300.0,0.1667
Tomato (Hybrid)__Pune APMC (Manjri Sub-yard)__Other,2023-07-31,train,Maharashtra,Pune,Pune APMC (Manjri Sub-yard),Pune Cluster,Tomato (Hybrid),Other,FAQ,10500.0,9000.0,11400.0,0.2286,1,9000.0,9100.0,8100.0,9000.0,4500.0,8800.0,8757.14,7470.0,8600.0,8100.0,792.82,1911.57,8100.0,10500.0,0.1932,0.1667,0.2559,0,0,7,212,31,1,0,1,0,0,-0.484089,-0.875019,-0.5,-0.866025,,,,10500.0,10000.0,,0.0
Tomato (Hybrid)__Pune APMC (Manjri Sub-yard)__Other,2023-08-01,train,Maharashtra,Pune,Pune APMC (Manjri Sub-yard),Pune Cluster,Tomato (Hybrid),Other,FAQ,10500.0,9000.0,11400.0,0.2286,1,10500.0,8100.0,8100.0,8100.0,4800.0,9142.86,8928.57,7660.0,9000.0,8100.0,924.05,1920.0,8100.0,10500.0,0.1484,0.0,0.2507,0,1,8,213,31,0,0,1,0,0,-0.499069,-0.866562,-0.866025,-0.5,,,,7700.0,10000.0,,-0.2667
Tomato (Hybrid)__Pune APMC (Manjri Sub-yard)__Other,2023-08-02,train,Maharashtra,Pune,Pune APMC (Manjri Sub-yard),Pune Cluster,Tomato (Hybrid),Other,FAQ,7700.0,6800.0,9100.0,0.2987,1,10500.0,9000.0,8200.0,8100.0,3600.0,9071.43,8900.0,7796.67,9000.0,8100.0,1009.55,1765.88,7700.0,10500.0,-0.1512,-0.2667,0.2265,0,2,8,214,31,0,0,1,0,0,-0.513901,-0.857849,-0.866025,-0.5,,,,10000.0,9100.0,,0.2987
Tomato (Hybrid)__Pune APMC (Manjri Sub-yard)__Other,2023-08-03,train,Maharashtra,Pune,Pune APMC (Manjri Sub-yard),Pune Cluster,Tomato (Hybrid),Other,FAQ,10000.0,9100.0,11400.0,0.23,1,7700.0,10500.0,8600.0,9500.0,3400.0,9271.43,8935.71,8016.67,9100.0,8100.0,1034.7,1608.54,7700.0,10500.0,0.0786,0.2987,0.2006,0,3,8,215,31,0,0,1,0,0,-0.528581,-0.848883,-0.866025,-0.5,,,,10000.0,9300.0,,0.0
Tomato (Hybrid)__Pune APMC (Manjri Sub-yard)__Other,2023-08-04,train,Maharashtra,Pune,Pune APMC (Manjri Sub-yard),Pune Cluster,Tomato (Hybrid),Other,FAQ,10000.0,8100.0,11400.0,0.33,1,10000.0,10500.0,9100.0,9100.0,4100.0,9400.0,9000.0,8213.33,10000.0,8200.0,1061.0,1472.58,7700.0,10500.0,0.0638,0.0,0.1793,0,4,8,216,31,0,0,1,0,0,-0.543105,-0.839665,-0.866025,-0.5,,,,9100.0,,,-0.09
Tomato (Hybrid)__Pune APMC (Manjri Sub-yard)__Other,2023-08-05,train,Maharashtra,Pune,Pune APMC (Manjri Sub-yard),Pune Cluster,Tomato (Hybrid),Other,FAQ,9100.0,6800.0,11400.0,0.5055,1,10000.0,7700.0,8100.0,9100.0,3400.0,9542.86,9000.0,8403.33,10000.0,8200.0,936.34,1177.42,7700.0,10500.0,-0.0464,-0.09,0.1401,0,5,8,217,31,0,1,1,0,0,-0.557468,-0.830198,-0.866025,-0.5,,,,9300.0,,,0.022
Tomato (Hybrid)__Pune APMC (Manjri Sub-yard)__Other,2023-08-06,train,Maharashtra,Pune,Pune APMC (Manjri Sub-yard),Pune Cluster,Tomato (Hybrid),Other,FAQ,9300.0,6800.0,12000.0,0.5591,1,9100.0,10000.0,9000.0,9000.0,10000.0,9585.71,9021.43,8380.0,10000.0,8200.0,917.18,1152.22,7700.0,10500.0,-0.0298,0.022,0.1375,0,6,8,218,31,0,0,1,0,0,-0.571667,-0.820486,-0.866025,-0.5,,,,,,,
Tomato (Hybrid)__Rahata APMC__Other,2023-07-13,train,Maharashtra,Ahmednagar,Rahata APMC,Benchmark,Tomato (Hybrid),Other,FAQ,4500.0,3000.0,6000.0,0.6667,1,3200.0,3500.0,3500.0,4000.0,1000.0,3600.0,3757.14,2936.67,3500.0,3200.0,717.14,1078.73,2200.0,4500.0,0.25,0.4062,0.3673,0,3,7,194,28,0,0,1,0,0,-0.194431,-0.980916,-0.5,-0.866025,,,,6000.0,4500.0,4200.0,0.3333
Tomato (Hybrid)__Rahata APMC__Other,2023-07-14,train,Maharashtra,Ahmednagar,Rahata APMC,Benchmark,Tomato (Hybrid),Other,FAQ,6000.0,2000.0,10000.0,1.3333,1,4500.0,4000.0,2200.0,4500.0,1200.0,4142.86,3864.29,3096.67,4000.0,3500.0,873.18,1162.03,3200.0,6000.0,0.4483,0.3333,0.3753,0,4,7,195,28,0,0,1,0,0,-0.211276,-0.977426,-0.5,-0.866025,,,,5000.0,4500.0,4200.0,-0.1667
Tomato (Hybrid)__Rahata APMC__Other,2023-07-15,train,Maharashtra,Ahmednagar,Rahata APMC,Benchmark,Tomato (Hybrid),Other,FAQ,5000.0,3000.0,7000.0,0.8,1,6000.0,3200.0,4300.0,4500.0,1100.0,4242.86,3900.0,3226.67,4000.0,3500.0,924.05,1149.47,3200.0,6000.0,0.1785,-0.1667,0.3562,0,5,7,196,28,0,1,1,0,0,-0.228058,-0.973648,-0.5,-0.866025,,,,4500.0,4500.0,5200.0,-0.1
Tomato (Hybrid)__Rahata APMC__Other,2023-07-16,train,Maharashtra,Ahmednagar,Rahata APMC,Benchmark,Tomato (Hybrid),Other,FAQ,4500.0,2000.0,7000.0,1.1111,1,5000.0,4500.0,3500.0,3500.0,1100.0,4385.71,3971.43,3340.0,4500.0,3500.0,874.12,1100.79,3200.0,6000.0,0.0261,-0.1,0.3296,0,6,7,197,28,0,0,1,0,0,-0.244772,-0.969581,-0.5,-0.866025,,,,4500.0,4500.0,4500.0,0.0
Tomato (Hybrid)__Rahata APMC__Other,2023-07-18,train,Maharashtra,Ahmednagar,Rahata APMC,Benchmark,Tomato (Hybrid),Other,FAQ,4500.0,2000.0,7000.0,1.1111,2,4500.0,6000.0,3500.0,3700.0,1300.0,4528.57,4028.57,3446.67,4500.0,3500.0,795.91,1051.9,3200.0,6000.0,-0.0063,0.0,0.3052,0,1,7,199,29,0,0,1,0,0,-0.277979,-0.960587,-0.5,-0.866025,,,,4500.0,4200.0,3700.0,0.0
Tomato (Hybrid)__Rahata APMC__Other,2023-07-19,train,Maharashtra,Ahmednagar,Rahata APMC,Benchmark,Tomato (Hybrid),Other,FAQ,4500.0,2500.0,6500.0,0.8889,1,4500.0,5000.0,4000.0,3700.0,1700.0,4600.0,4085.71,3540.0,4500.0,3700.0,767.18,1016.4,3200.0,6000.0,-0.0217,0.0,0.2871,0,2,7,200,29,0,0,1,0,0,-0.294462,-0.955663,-0.5,-0.866025,,,,4500.0,4200.0,5100.0,0.0
Tomato (Hybrid)__Rahata APMC__Other,2023-07-20,train,Maharashtra,Ahmednagar,Rahata APMC,Benchmark,Tomato (Hybrid),Other,FAQ,4500.0,2000.0,7000.0,1.1111,1,4500.0,4500.0,3200.0,4000.0,2100.0,4785.71,4121.43,3620.0,4500.0,3700.0,524.89,994.12,4500.0,6000.0,-0.0597,0.0,0.2746,0,3,7,201,29,0,0,1,0,0,-0.310857,-0.950457,-0.5,-0.866025,,,,4200.0,5200.0,4000.0,-0.0667
Tomato (Hybrid)__Rahata APMC__Other,2023-07-21,train,Maharashtra,Ahmednagar,Rahata APMC,Benchmark,Tomato (Hybrid),Other,FAQ,4200.0,2000.0,6500.0,1.0714,1,4500.0,4500.0,4500.0,3500.0,2500.0,4742.86,4171.43,3676.67,4500.0,4000.0,557.69,976.96,4200.0,6000.0,-0.1145,-0.0667,0.2657,0,4,7,202,29,0,0,1,0,0,-0.32716,-0.944969,-0.5,-0.866025,,,,4200.0,4500.0,3700.0,0.0
Tomato (Hybrid)__Rahata APMC__Other,2023-07-22,train,Maharashtra,Ahmednagar,Rahata APMC,Benchmark,Tomato (Hybrid),Other,FAQ,4200.0,2500.0,6000.0,0.8333,1,4200.0,4500.0,6000.0,2200.0,2200.0,4485.71,4314.29,3743.33,4500.0,4000.0,247.44,941.52,4200.0,5000.0,-0.0637,0.0,0.2515,0,5,7,203,29,0,1,1,0,0,-0.343367,-0.939201,-0.5,-0.866025,,,,5200.0,3700.0,5200.0,0.2381
Tomato (Hybrid)__Rahata APMC__Other,2023-07-23,train,Maharashtra,Ahmednagar,Rahata APMC,Benchmark,Tomato (Hybrid),Other,FAQ,5200.0,3000.0,7500.0,0.8654,1,4200.0,4500.0,5000.0,4300.0,2400.0,4514.29,4378.57,3836.67,4500.0,4000.0,309.05,942.51,4200.0,5200.0,0.1519,0.2381,0.2457,0,6,7,204,29,0,0,1,0,0,-0.359472,-0.933156,-0.5,-0.866025,,,,4500.0,5100.0,5200.0,-0.1346
Tomato (Hybrid)__Rahata APMC__Other,2023-07-25,train,Maharashtra,Ahmednagar,Rahata APMC,Benchmark,Tomato (Hybrid),Other,FAQ,4500.0,2000.0,7000.0,1.1111,2,5200.0,4200.0,4500.0,3500.0,2200.0,4514.29,4450.0,3913.33,4500.0,4000.0,309.05,898.79,4200.0,5200.0,-0.0032,-0.1346,0.2297,0,1,7,206,30,0,0,1,0,0,-0.391358,-0.920239,-0.5,-0.866025,,,,3700.0,4000.0,5600.0,-0.1778
Tomato (Hybrid)__Rahata APMC__Other,2023-07-26,train,Maharashtra,Ahmednagar,Rahata APMC,Benchmark,Tomato (Hybrid),Other,FAQ,3700.0,2000.0,5500.0,0.9459,1,4500.0,4200.0,4500.0,3500.0,1700.0,4400.0,4464.29,3980.0,4500.0,4000.0,420.88,801.0,3700.0,5200.0,-0.1591,-0.1778,0.2013,0,2,7,207,30,0,0,1,0,0,-0.407129,-0.91337,-0.5,-0.866025,,,,5100.0,3700.0,5000.0,0.3784
Tomato (Hybrid)__Rahata APMC__Other,2023-07-27,train,Maharashtra,Ahmednagar,Rahata APMC,Benchmark,Tomato (Hybrid),Other,FAQ,5100.0,3000.0,7200.0,0.8235,1,3700.0,5200.0,4500.0,4000.0,3000.0,4485.71,4542.86,4050.0,4500.0,4200.0,488.23,804.05,3700.0,5200.0,0.1369,0.3784,0.1985,0,3,7,208,30,0,0,1,0,0,-0.422781,-0.906232,-0.5,-0.866025,,,,4000.0,5200.0,6200.0,-0.2157
Tomato (Hybrid)__Rahata APMC__Other,2023-07-28,train,Maharashtra,Ahmednagar,Rahata APMC,Benchmark,Tomato (Hybrid),Other,FAQ,4000.0,2500.0,5500.0,0.75,1,5100.0,4500.0,4500.0,3200.0,2500.0,4414.29,4600.0,4100.0,4200.0,4200.0,516.66,751.0,3700.0,5200.0,-0.0939,-0.2157,0.1832,0,4,7,209,30,0,0,1,0,0,-0.438307,-0.898825,-0.5,-0.866025,,,,3700.0,5200.0,4700.0,-0.075
Tomato (Hybrid)__Rahata APMC__Other,2023-07-29,train,Maharashtra,Ahmednagar,Rahata APMC,Benchmark,Tomato (Hybrid),Other,FAQ,3700.0,2000.0,5500.0,0.9459,1,4000.0,3700.0,4200.0,4500.0,2500.0,4342.86,4542.86,4140.0,4200.0,4200.0,572.86,694.55,3700.0,5200.0,-0.148,-0.075,0.1678,0,5,7,210,30,0,1,1,0,0,-0.453703,-0.891153,-0.5,-0.866025,,,,5200.0,5600.0,6700.0,0.4054
Tomato (Hybrid)__Rahata APMC__Other,2023-07-30,train,Maharashtra,Ahmednagar,Rahata APMC,Benchmark,Tomato (Hybrid),Other,FAQ,5200.0,3000.0,7500.0,0.8654,1,3700.0,5100.0,4200.0,6000.0,4000.0,4485.71,4485.71,4180.0,4500.0,4200.0,640.15,719.44,3700.0,5200.0,0.1592,0.4054,0.1721,0,6,7,211,30,0,0,1,0,0,-0.468965,-0.883217,-0.5,-0.866025,,,,5200.0,5000.0,,0.0
Tomato (Hybrid)__Rahata APMC__Other,2023-08-01,train,Maharashtra,Ahmednagar,Rahata APMC,Benchmark,Tomato (Hybrid),Other,FAQ,5200.0,3000.0,7500.0,0.8654,2,5200.0,4000.0,5200.0,5000.0,4000.0,4485.71,4500.0,4220.0,4500.0,4300.0,640.15,741.35,3700.0,5200.0,0.1592,0.0,0.1757,0,1,8,213,31,0,0,1,0,0,-0.499069,-0.866562,-0.866025,-0.5,,,,5600.0,6200.0,,0.0769
Tomato (Hybrid)__Rahata APMC__Other,2023-08-02,train,Maharashtra,Ahmednagar,Rahata APMC,Benchmark,Tomato (Hybrid),Other,FAQ,5600.0,2000.0,9300.0,1.3036,1,5200.0,3700.0,4500.0,4500.0,4500.0,4642.86,4578.57,4256.67,5100.0,4300.0,749.97,780.46,3700.0,5600.0,0.2062,0.0769,0.1834,0,2,8,214,31,0,0,1,0,0,-0.513901,-0.857849,-0.866025,-0.5,,,,5000.0,4700.0,,-0.1071
Tomato (Hybrid)__Rahata APMC__Other,2023-08-03,train,Maharashtra,Ahmednagar,Rahata APMC,Benchmark,Tomato (Hybrid),Other,FAQ,5000.0,3000.0,7000.0,0.8,1,5600.0,5200.0,3700.0,4500.0,4500.0,4828.57,4614.29,4273.33,5100.0,4300.0,647.44,790.75,3700.0,5600.0,0.0355,-0.1071,0.185,0,3,8,215,31,0,0,1,0,0,-0.528581,-0.848883,-0.866025,-0.5,,,,6200.0,6700.0,,0.24
Tomato (Hybrid)__Rahata APMC__Other,2023-08-04,train,Maharashtra,Ahmednagar,Rahata APMC,Benchmark,Tomato (Hybrid),Other,FAQ,6200.0,2500.0,10000.0,1.2097,1,5000.0,5200.0,5100.0,4500.0,3500.0,4985.71,4735.71,4363.33,5200.0,4500.0,807.87,849.11,3700.0,6200.0,0.2436,0.24,0.1946,0,4,8,216,31,0,0,1,0,0,-0.543105,-0.839665,-0.866025,-0.5,,,,4700.0,,,-0.2419
Tomato (Hybrid)__Rahata APMC__Other,2023-08-05,train,Maharashtra,Ahmednagar,Rahata APMC,Benchmark,Tomato (Hybrid),Other,FAQ,4700.0,2000.0,7500.0,1.1702,1,6200.0,5600.0,4000.0,4500.0,3700.0,5085.71,4750.0,4396.67,5200.0,4500.0,717.99,842.01,3700.0,6200.0,-0.0758,-0.2419,0.1915,0,5,8,217,31,0,1,1,0,0,-0.557468,-0.830198,-0.866025,-0.5,,,,6700.0,,,0.4255
Tomato (Hybrid)__Rahata APMC__Other,2023-08-06,train,Maharashtra,Ahmednagar,Rahata APMC,Benchmark,Tomato (Hybrid),Other,FAQ,6700.0,2500.0,11000.0,1.2687,1,4700.0,5000.0,3700.0,4200.0,3700.0,5514.29,4928.57,4496.67,5200.0,4500.0,655.59,927.18,4700.0,6700.0,0.215,0.4255,0.2062,0,6,8,218,31,0,0,1,0,0,-0.571667,-0.820486,-0.866025,-0.5,,,,,,,
Tomato (Hybrid)__Chandvad APMC__Local,2023-07-26,train,Maharashtra,Nashik,Chandvad APMC,Other Maharashtra,Tomato (Hybrid),Local,FAQ,5500.0,2500.0,8300.0,1.0545,7,5000.0,5000.0,5000.0,4125.0,850.0,5000.0,5035.71,3950.83,5000.0,4750.0,231.46,1269.8,4750.0,5500.0,0.1,0.1,0.3214,0,2,7,207,30,0,0,1,0,0,-0.407129,-0.91337,-0.5,-0.866025,,,,5500.0,6625.0,7000.0,0.0
Tomato (Hybrid)__Chandvad APMC__Local,2023-07-28,train,Maharashtra,Nashik,Chandvad APMC,Other Maharashtra,Tomato (Hybrid),Local,FAQ,5500.0,2000.0,8600.0,1.2,2,5500.0,5000.0,5000.0,5000.0,2125.0,5071.43,5071.43,4063.33,5000.0,4750.0,290.14,1252.44,4750.0,5500.0,0.0845,0.0,0.3082,0,4,7,209,30,0,0,1,0,0,-0.438307,-0.898825,-0.5,-0.866025,,,,6000.0,7000.0,7125.0,0.0909
Tomato (Hybrid)__Chandvad APMC__Local,2023-07-29,train,Maharashtra,Nashik,Chandvad APMC,Other Maharashtra,Tomato (Hybrid),Local,FAQ,6000.0,2500.0,9555.0,1.1758,1,5500.0,5000.0,4750.0,5500.0,1625.0,5250.0,5107.14,4209.17,5000.0,4750.0,400.89,1214.16,4750.0,6000.0,0.1429,0.0909,0.2885,0,5,7,210,30,0,1,1,0,0,-0.453703,-0.891153,-0.5,-0.866025,,,,6625.0,9500.0,600.0,0.1042
Tomato (Hybrid)__Chandvad APMC__Local,2023-07-30,train,Maharashtra,Nashik,Chandvad APMC,Other Maharashtra,Tomato (Hybrid),Local,FAQ,6625.0,2500.0,10000.0,1.1321,1,6000.0,5500.0,4750.0,5000.0,1750.0,5517.86,5223.21,4371.67,5500.0,5000.0,568.63,1200.31,5000.0,6625.0,0.2006,0.1042,0.2746,0,6,7,211,30,0,0,1,0,0,-0.468965,-0.883217,-0.5,-0.866025,,,,7000.0,7250.0,500.0,0.0566
Tomato (Hybrid)__Chandvad APMC__Local,2023-07-31,train,Maharashtra,Nashik,Chandvad APMC,Other Maharashtra,Tomato (Hybrid),Local,FAQ,7000.0,2500.0,10055.0,1.0793,1,6625.0,5500.0,5000.0,5000.0,1625.0,5803.57,5366.07,4550.83,5500.0,5000.0,719.18,1177.9,5000.0,7000.0,0.2062,0.0566,0.2588,0,0,7,212,31,1,0,1,0,0,-0.484089,-0.875019,-0.5,-0.866025,,,,9500.0,7000.0,450.0,0.3571
Tomato (Hybrid)__Chandvad APMC__Local,2023-08-02,train,Maharashtra,Nashik,Chandvad APMC,Other Maharashtra,Tomato (Hybrid),Local,FAQ,9500.0,5500.0,10500.0,0.5263,2,7000.0,6000.0,5000.0,5000.0,2750.0,6446.43,5687.5,4775.83,6000.0,5000.0,1401.3,1430.1,5000.0,9500.0,0.4737,0.3571,0.2994,0,2,8,214,31,0,0,1,0,0,-0.513901,-0.857849,-0.866025,-0.5,,,,7250.0,7125.0,275.0,-0.2368
Tomato (Hybrid)__Chandvad APMC__Local,2023-08-03,train,Maharashtra,Nashik,Chandvad APMC,Other Maharashtra,Tomato (Hybrid),Local,FAQ,7250.0,2500.0,10850.0,1.1517,1,9500.0,6625.0,5000.0,5000.0,2250.0,6767.86,5848.21,4942.5,6625.0,5000.0,1285.96,1417.32,5500.0,9500.0,0.0712,-0.2368,0.2868,0,3,8,215,31,0,0,1,0,0,-0.528581,-0.848883,-0.866025,-0.5,,,,7000.0,600.0,300.0,-0.0345
Tomato (Hybrid)__Chandvad APMC__Local,2023-08-05,train,Maharashtra,Nashik,Chandvad APMC,Other Maharashtra,Tomato (Hybrid),Local,FAQ,7000.0,2500.0,10250.0,1.1071,2,7250.0,7000.0,5500.0,5000.0,2625.0,6982.14,5991.07,5088.33,7000.0,5000.0,1177.22,1396.29,5500.0,9500.0,0.0026,-0.0345,0.2744,0,5,8,217,31,0,1,1,0,0,-0.557468,-0.830198,-0.866025,-0.5,,,,7125.0,500.0,350.0,0.0179
Tomato (Hybrid)__Chandvad APMC__Local,2023-08-06,train,Maharashtra,Nashik,Chandvad APMC,Other Maharashtra,Tomato (Hybrid),Local,FAQ,7125.0,2500.0,10255.0,1.0884,1,7000.0,9500.0,5500.0,5000.0,3750.0,7214.29,6142.86,5200.83,7000.0,5000.0,1010.47,1419.69,6000.0,9500.0,-0.0124,0.0179,0.273,0,6,8,218,31,0,0,1,0,0,-0.571667,-0.820486,-0.866025,-0.5,,,,600.0,450.0,,-0.9158
Tomato (Hybrid)__Chandvad APMC__Local,2023-09-07,train,Maharashtra,Nashik,Chandvad APMC,Other Maharashtra,Tomato (Hybrid),Local,FAQ,600.0,250.0,775.0,0.875,32,7125.0,7250.0,6000.0,4750.0,2625.0,6442.86,5846.43,5133.33,7000.0,5000.0,2542.66,1579.68,600.0,9500.0,-0.9069,-0.9158,0.3077,0,3,9,250,36,0,0,1,0,0,-0.916409,-0.400244,-1.0,-0.0,,,,500.0,275.0,,-0.1667
Tomato (Hybrid)__Chandvad APMC__Local,2023-09-08,train,Maharashtra,Nashik,Chandvad APMC,Other Maharashtra,Tomato (Hybrid),Local,FAQ,500.0,250.0,650.0,0.8,1,600.0,7000.0,6625.0,4750.0,3750.0,5567.86,5542.86,5025.0,7000.0,5000.0,3277.21,1770.72,500.0,9500.0,-0.9102,-0.1667,0.3524,0,4,9,251,36,0,0,1,0,0,-0.923158,-0.384421,-1.0,-0.0,,,,450.0,300.0,,-0.1
Tomato (Hybrid)__Chandvad APMC__Local,2023-09-13,train,Maharashtra,Nashik,Chandvad APMC,Other Maharashtra,Tomato (Hybrid),Local,FAQ,450.0,250.0,625.0,0.8333,5,500.0,7125.0,7000.0,5000.0,4500.0,4632.14,5217.86,4890.0,7000.0,5000.0,3648.75,1950.83,450.0,9500.0,-0.9029,-0.1,0.3989,0,2,9,256,37,0,0,1,0,0,-0.952769,-0.303695,-1.0,-0.0,,,,275.0,350.0,,-0.3889
Tomato (Hybrid)__Chandvad APMC__Local,2023-09-21,train,Maharashtra,Nashik,Chandvad APMC,Other Maharashtra,Tomato (Hybrid),Local,FAQ,275.0,150.0,350.0,0.7273,8,450.0,600.0,9500.0,5000.0,4750.0,3314.29,4880.36,4740.83,600.0,5000.0,3302.05,2119.62,275.0,7250.0,-0.917,-0.3889,0.4471,0,3,9,264,38,0,0,1,0,0,-0.985424,-0.170118,-1.0,-0.0,,,,300.0,,,0.0909
Tomato (Hybrid)__Chandvad APMC__Local,2023-09-25,train,Maharashtra,Nashik,Chandvad APMC,Other Maharashtra,Tomato (Hybrid),Local,FAQ,300.0,200.0,425.0,0.75,4,275.0,500.0,7250.0,5000.0,3250.0,2321.43,4544.64,4642.5,500.0,5000.0,3000.49,2250.86,275.0,7125.0,-0.8708,0.0909,0.4848,0,0,9,268,39,1,0,1,0,0,-0.994788,-0.101962,-1.0,-0.0,,,,350.0,,,0.1667
Tomato (Hybrid)__Chandvad APMC__Local,2023-10-05,train,Maharashtra,Nashik,Chandvad APMC,Other Maharashtra,Tomato (Hybrid),Local,FAQ,350.0,150.0,500.0,1.0,10,300.0,450.0,7000.0,5500.0,2275.0,1371.43,4176.79,4578.33,450.0,5000.0,2351.31,2342.99,275.0,7125.0,-0.7448,0.1667,0.5118,0,3,10,278,40,0,0,1,0,0,-0.997559,0.069828,-0.866025,0.5,,,,,,,
Tomato (Hybrid)__Ratnagiri (Nachane) APMC__Other,2023-07-31,train,Maharashtra,Ratnagiri,Ratnagiri (Nachane) APMC,Other Maharashtra,Tomato (Hybrid),Other,FAQ,6000.0,4000.0,9000.0,0.8333,5,7000.0,5000.0,6000.0,7000.0,150.0,6857.14,6357.14,4978.67,7000.0,6000.0,1002.65,2693.92,5000.0,8300.0,-0.125,-0.1429,0.5411,0,0,7,212,31,1,0,1,0,0,-0.484089,-0.875019,-0.5,-0.866025,,,,6500.0,5000.0,,0.0833
Tomato (Hybrid)__Ratnagiri (Nachane) APMC__Other,2023-08-01,train,Maharashtra,Ratnagiri,Ratnagiri (Nachane) APMC,Other Maharashtra,Tomato (Hybrid),Other,FAQ,6500.0,4000.0,10000.0,0.9231,1,6000.0,7000.0,7000.0,6000.0,140.0,6785.71,6392.86,5190.67,7000.0,6000.0,1007.73,2551.27,5000.0,8300.0,-0.0421,0.0833,0.4915,0,1,8,213,31,0,0,1,0,0,-0.499069,-0.866562,-0.866025,-0.5,,,,5000.0,7000.0,,-0.2308
Tomato (Hybrid)__Ratnagiri (Nachane) APMC__Other,2023-08-02,train,Maharashtra,Ratnagiri,Ratnagiri (Nachane) APMC,Other Maharashtra,Tomato (Hybrid),Other,FAQ,5000.0,3000.0,9000.0,1.2,1,6500.0,7000.0,8300.0,5000.0,190.0,6314.29,6392.86,5351.0,6500.0,6000.0,959.8,2377.17,5000.0,7700.0,-0.2081,-0.2308,0.4442,0,2,8,214,31,0,0,1,0,0,-0.513901,-0.857849,-0.866025,-0.5,,,,5000.0,,,0.0
Tomato (Hybrid)__Ratnagiri (Nachane) APMC__Other,2023-08-03,train,Maharashtra,Ratnagiri,Ratnagiri (Nachane) APMC,Other Maharashtra,Tomato (Hybrid),Other,FAQ,5000.0,4000.0,9500.0,1.1,1,5000.0,6000.0,7700.0,6500.0,180.0,5928.57,6285.71,5511.67,6000.0,6000.0,863.07,2176.67,5000.0,7000.0,-0.1566,0.0,0.3949,0,3,8,215,31,0,0,1,0,0,-0.528581,-0.848883,-0.866025,-0.5,,,,7000.0,,,0.4
Tomato (Hybrid)__Ratnagiri (Nachane) APMC__Other,2023-08-04,train,Maharashtra,Ratnagiri,Ratnagiri (Nachane) APMC,Other Maharashtra,Tomato (Hybrid),Other,FAQ,7000.0,4200.0,10000.0,0.8286,1,5000.0,6500.0,5000.0,6000.0,220.0,6214.29,6357.14,5737.67,6500.0,6000.0,839.1,1956.34,5000.0,7000.0,0.1264,0.4,0.341,0,4,8,216,31,0,0,1,0,0,-0.543105,-0.839665,-0.866025,-0.5,,,,,,,
Tomato (Hybrid)__Vadgaonpeth APMC__Local,2023-08-01,train,Maharashtra,Kolhapur,Vadgaonpeth APMC,Other Maharashtra,Tomato (Hybrid),Local,FAQ,5500.0,4000.0,8000.0,0.7273,2,7500.0,4800.0,5500.0,5600.0,1000.0,6185.71,6007.14,4430.0,6000.0,4800.0,921.84,1886.29,4800.0,7500.0,-0.1109,-0.2667,0.4258,0,1,8,213,31,0,0,1,0,0,-0.499069,-0.866562,-0.866025,-0.5,,,,7000.0,7500.0,,0.2727
Tomato (Hybrid)__Vadgaonpeth APMC__Local,2023-08-03,train,Maharashtra,Kolhapur,Vadgaonpeth APMC,Other Maharashtra,Tomato (Hybrid),Local,FAQ,7000.0,6000.0,7800.0,0.2571,2,5500.0,7000.0,7000.0,5800.0,1200.0,6185.71,6092.86,4623.33,6000.0,4800.0,921.84,1842.04,4800.0,7500.0,0.1316,0.2727,0.3984,0,3,8,215,31,0,0,1,0,0,-0.528581,-0.848883,-0.866025,-0.5,,,,7500.0,7000.0,,0.0714
Tomato (Hybrid)__Vadgaonpeth APMC__Local,2023-08-04,train,Maharashtra,Kolhapur,Vadgaonpeth APMC,Other Maharashtra,Tomato (Hybrid),Local,FAQ,7500.0,6000.0,8000.0,0.2667,1,7000.0,7500.0,5500.0,5500.0,1000.0,6471.43,6235.71,4840.0,7000.0,5500.0,973.53,1784.49,4800.0,7500.0,0.1589,0.0714,0.3687,0,4,8,216,31,0,0,1,0,0,-0.543105,-0.839665,-0.866025,-0.5,,,,7500.0,,,0.0
Tomato (Hybrid)__Vadgaonpeth APMC__Local,2023-08-05,train,Maharashtra,Kolhapur,Vadgaonpeth APMC,Other Maharashtra,Tomato (Hybrid),Local,FAQ,7500.0,6000.0,8500.0,0.3333,1,7500.0,5500.0,6000.0,6000.0,1600.0,6685.71,6342.86,5036.67,7000.0,5500.0,1010.56,1741.16,4800.0,7500.0,0.1218,0.0,0.3457,0,5,8,217,31,0,1,1,0,0,-0.557468,-0.830198,-0.866025,-0.5,,,,7000.0,,,-0.0667
Tomato (Hybrid)__Vadgaonpeth APMC__Local,2023-08-06,train,Maharashtra,Kolhapur,Vadgaonpeth APMC,Other Maharashtra,Tomato (Hybrid),Local,FAQ,7000.0,6000.0,8000.0,0.2857,1,7500.0,7000.0,4800.0,4000.0,2000.0,7000.0,6557.14,5203.33,7000.0,5500.0,654.65,1680.77,5500.0,7500.0,0.0,-0.0667,0.323,0,6,8,218,31,0,0,1,0,0,-0.571667,-0.820486,-0.866025,-0.5,,,,,,,
Tomato (Hybrid)__Chandrapur(Ganjwad) APMC__Other,2023-08-01,train,Maharashtra,Chandrapur,Chandrapur(Ganjwad) APMC,Other Maharashtra,Tomato (Hybrid),Other,FAQ,10000.0,9000.0,12000.0,0.3,5,6000.0,5500.0,7000.0,5500.0,1200.0,6285.71,6214.29,4470.0,5500.0,5500.0,1531.97,2319.36,5500.0,10000.0,0.5909,0.6667,0.5189,0,1,8,213,31,0,0,1,0,0,-0.499069,-0.866562,-0.866025,-0.5,,,,10000.0,6000.0,800.0,0.0
Tomato (Hybrid)__Chandrapur(Ganjwad) APMC__Other,2023-08-02,train,Maharashtra,Chandrapur,Chandrapur(Ganjwad) APMC,Other Maharashtra,Tomato (Hybrid),Other,FAQ,10000.0,9000.0,12000.0,0.3,1,10000.0,6000.0,5500.0,6000.0,1200.0,6928.57,6500.0,4763.33,6000.0,5500.0,1953.54,2440.56,5500.0,10000.0,0.4433,0.0,0.5124,0,2,8,214,31,0,0,1,0,0,-0.513901,-0.857849,-0.866025,-0.5,,,,10000.0,6000.0,800.0,0.0
Tomato (Hybrid)__Chandrapur(Ganjwad) APMC__Other,2023-08-03,train,Maharashtra,Chandrapur,Chandrapur(Ganjwad) APMC,Other Maharashtra,Tomato (Hybrid),Other,FAQ,10000.0,6000.0,12000.0,0.6,1,10000.0,6000.0,5500.0,6000.0,1200.0,7571.43,6785.71,5056.67,6000.0,6000.0,2111.68,2522.13,5500.0,10000.0,0.3208,0.0,0.4988,0,3,8,215,31,0,0,1,0,0,-0.528581,-0.848883,-0.866025,-0.5,,,,6000.0,1200.0,,-0.4
Tomato (Hybrid)__Chandrapur(Ganjwad) APMC__Other,2023-08-04,train,Maharashtra,Chandrapur,Chandrapur(Ganjwad) APMC,Other Maharashtra,Tomato (Hybrid),Other,FAQ,6000.0,3000.0,8000.0,0.8333,1,10000.0,10000.0,5500.0,6000.0,1200.0,7642.86,6785.71,5216.67,6000.0,6000.0,2047.9,2422.68,5500.0,10000.0,-0.215,-0.4,0.4644,0,4,8,216,31,0,0,1,0,0,-0.543105,-0.839665,-0.866025,-0.5,,,,6000.0,800.0,,0.0
Tomato (Hybrid)__Chandrapur(Ganjwad) APMC__Other,2023-08-05,train,Maharashtra,Chandrapur,Chandrapur(Ganjwad) APMC,Other Maharashtra,Tomato (Hybrid),Other,FAQ,6000.0,4000.0,8000.0,0.6667,1,6000.0,10000.0,5500.0,6000.0,1400.0,7714.29,6785.71,5370.0,6000.0,6000.0,1979.49,2319.65,6000.0,10000.0,-0.2222,0.0,0.432,0,5,8,217,31,0,1,1,0,0,-0.557468,-0.830198,-0.866025,-0.5,,,,1200.0,800.0,,-0.8
Tomato (Hybrid)__Chandrapur(Ganjwad) APMC__Other,2023-09-02,train,Maharashtra,Chandrapur,Chandrapur(Ganjwad) APMC,Other Maharashtra,Tomato (Hybrid),Other,FAQ,1200.0,800.0,1600.0,0.6667,28,6000.0,10000.0,6000.0,6000.0,1400.0,7028.57,6442.86,5363.33,6000.0,6000.0,3015.06,2331.31,1200.0,10000.0,-0.8293,-0.8,0.4347,0,5,9,245,35,0,1,1,0,0,-0.878637,-0.477489,-1.0,-0.0,,,,800.0,800.0,,-0.3333
Tomato (Hybrid)__Chandrapur(Ganjwad) APMC__Other,2023-09-16,train,Maharashtra,Chandrapur,Chandrapur(Ganjwad) APMC,Other Maharashtra,Tomato (Hybrid),Other,FAQ,800.0,600.0,1000.0,0.5,14,1200.0,6000.0,6000.0,6000.0,1400.0,6285.71,6071.43,5343.33,6000.0,6000.0,3732.26,2367.51,800.0,10000.0,-0.8727,-0.3333,0.4431,0,5,9,259,37,0,1,1,0,0,-0.967167,-0.254143,-1.0,-0.0,,,,800.0,,,0.0
Tomato (Hybrid)__Chandrapur(Ganjwad) APMC__Other,2023-09-27,train,Maharashtra,Chandrapur,Chandrapur(Ganjwad) APMC,Other Maharashtra,Tomato (Hybrid),Other,FAQ,800.0,700.0,1000.0,0.375,11,800.0,6000.0,10000.0,7000.0,1400.0,4971.43,5628.57,5323.33,6000.0,6000.0,3811.9,2403.01,800.0,10000.0,-0.8391,0.0,0.4514,0,2,9,270,39,0,0,1,0,0,-0.997707,-0.067683,-1.0,-0.0,,,,800.0,,,0.0
Tomato (Hybrid)__Chandrapur(Ganjwad) APMC__Other,2023-10-03,train,Maharashtra,Chandrapur,Chandrapur(Ganjwad) APMC,Other Maharashtra,Tomato (Hybrid),Other,FAQ,800.0,600.0,1000.0,0.5,6,800.0,1200.0,10000.0,5500.0,1400.0,3657.14,5292.86,5303.33,1200.0,6000.0,3417.12,2437.82,800.0,10000.0,-0.7812,0.0,0.4597,0,1,10,276,40,0,0,1,0,0,-0.999371,0.035473,-0.866025,0.5,,,,,,,
Tomato (Hybrid)__Mangal Wedha APMC__Other,2023-07-12,train,Maharashtra,Sholapur,Mangal Wedha APMC,Other Maharashtra,Tomato (Hybrid),Other,FAQ,7700.0,900.0,9000.0,1.0519,2,7200.0,8600.0,7700.0,4500.0,1100.0,7157.14,6257.14,4253.33,7200.0,4000.0,963.41,2233.04,5400.0,8600.0,0.0758,0.0694,0.525,0,2,7,193,28,0,0,1,0,0,-0.177529,-0.984116,-0.5,-0.866025,,,,8600.0,7700.0,8100.0,0.1169
Tomato (Hybrid)__Mangal Wedha APMC__Other,2023-07-13,train,Maharashtra,Sholapur,Mangal Wedha APMC,Other Maharashtra,Tomato (Hybrid),Other,FAQ,8600.0,2500.0,9500.0,0.814,1,7700.0,7200.0,7700.0,4000.0,1600.0,7285.71,6585.71,4486.67,7200.0,4000.0,1080.25,2308.06,5400.0,8600.0,0.1804,0.1169,0.5144,0,3,7,194,28,0,0,1,0,0,-0.194431,-0.980916,-0.5,-0.866025,,,,8800.0,7700.0,,0.0233
Tomato (Hybrid)__Mangal Wedha APMC__Other,2023-07-14,train,Maharashtra,Sholapur,Mangal Wedha APMC,Other Maharashtra,Tomato (Hybrid),Other,FAQ,8800.0,2000.0,10200.0,0.9318,1,8600.0,7200.0,5400.0,4000.0,1300.0,7771.43,6928.57,4736.67,7700.0,4500.0,866.38,2355.06,6300.0,8800.0,0.1324,0.0233,0.4972,0,4,7,195,28,0,0,1,0,0,-0.211276,-0.977426,-0.5,-0.866025,,,,7700.0,7700.0,,-0.125
Tomato (Hybrid)__Mangal Wedha APMC__Other,2023-07-15,train,Maharashtra,Sholapur,Mangal Wedha APMC,Other Maharashtra,Tomato (Hybrid),Other,FAQ,7700.0,1300.0,10400.0,1.1818,1,8800.0,7700.0,6300.0,5400.0,1400.0,7971.43,7092.86,4946.67,7700.0,4500.0,634.07,2328.91,7200.0,8800.0,-0.0341,-0.125,0.4708,0,5,7,196,28,0,1,1,0,0,-0.228058,-0.973648,-0.5,-0.866025,,,,7700.0,6300.0,,0.0
Tomato (Hybrid)__Mangal Wedha APMC__Other,2023-07-16,train,Maharashtra,Sholapur,Mangal Wedha APMC,Other Maharashtra,Tomato (Hybrid),Other,FAQ,7700.0,2500.0,9500.0,0.9091,1,7700.0,8600.0,8600.0,4500.0,1800.0,7842.86,7321.43,5143.33,7700.0,5200.0,582.75,2303.86,7200.0,8800.0,-0.0182,0.0,0.4479,0,6,7,197,28,0,0,1,0,0,-0.244772,-0.969581,-0.5,-0.866025,,,,7700.0,8100.0,,0.0
Tomato (Hybrid)__Mangal Wedha APMC__Other,2023-07-17,train,Maharashtra,Sholapur,Mangal Wedha APMC,Other Maharashtra,Tomato (Hybrid),Other,FAQ,7700.0,1800.0,10000.0,1.0649,1,7700.0,8800.0,7200.0,5200.0,1700.0,7914.29,7500.0,5343.33,7700.0,5400.0,527.61,2256.2,7200.0,8800.0,-0.0271,0.0,0.4222,0,0,7,198,29,1,0,1,0,0,-0.261414,-0.965227,-0.5,-0.866025,,,,6300.0,,,-0.1818
Tomato (Hybrid)__Mangal Wedha APMC__Other,2023-07-19,train,Maharashtra,Sholapur,Mangal Wedha APMC,Other Maharashtra,Tomato (Hybrid),Other,FAQ,6300.0,3600.0,8100.0,0.7143,2,7700.0,7700.0,7200.0,6700.0,2200.0,7785.71,7471.43,5480.0,7700.0,5400.0,749.15,2184.7,6300.0,8800.0,-0.1908,-0.1818,0.3987,0,2,7,200,29,0,0,1,0,0,-0.294462,-0.955663,-0.5,-0.866025,,,,8100.0,,,0.2857
Tomato (Hybrid)__Mangal Wedha APMC__Other,2023-07-20,train,Maharashtra,Sholapur,Mangal Wedha APMC,Other Maharashtra,Tomato (Hybrid),Other,FAQ,8100.0,2000.0,9000.0,0.8642,1,6300.0,7700.0,7700.0,7700.0,1600.0,7842.86,7500.0,5696.67,7700.0,6300.0,755.66,2110.21,6300.0,8800.0,0.0328,0.2857,0.3704,0,3,7,201,29,0,0,1,0,0,-0.310857,-0.950457,-0.5,-0.866025,,,,,,,
Tomato (Hybrid)__Shrirampur APMC__Other,2023-07-12,train,Maharashtra,Ahmednagar,Shrirampur APMC,Benchmark,Tomato (Hybrid),Other,FAQ,1500.0,1000.0,2000.0,0.6667,2,2100.0,2500.0,5000.0,3300.0,1500.0,1957.14,3378.57,2808.33,2000.0,2100.0,440.32,1606.09,1500.0,2600.0,-0.2336,-0.2857,0.5719,0,2,7,193,28,0,0,1,0,0,-0.177529,-0.984116,-0.5,-0.866025,,,,3000.0,4000.0,17500.0,1.0
Tomato (Hybrid)__Shrirampur APMC__Other,2023-07-14,train,Maharashtra,Ahmednagar,Shrirampur APMC,Benchmark,Tomato (Hybrid),Other,FAQ,3000.0,1200.0,4000.0,0.9333,2,1500.0,2600.0,1500.0,5600.0,1250.0,2171.43,3192.86,2866.67,2100.0,2500.0,522.94,1580.0,1500.0,3000.0,0.3816,1.0,0.5512,0,4,7,195,28,0,0,1,0,0,-0.211276,-0.977426,-0.5,-0.866025,,,,4000.0,3800.0,12000.0,0.3333
Tomato (Hybrid)__Shrirampur APMC__Other,2023-07-15,train,Maharashtra,Ahmednagar,Shrirampur APMC,Benchmark,Tomato (Hybrid),Other,FAQ,4000.0,1500.0,5500.0,1.0,1,3000.0,2100.0,1500.0,7000.0,1500.0,2528.57,2978.57,2950.0,2500.0,2500.0,747.79,1571.62,1500.0,4000.0,0.5819,0.3333,0.5328,0,5,7,196,28,0,1,1,0,0,-0.228058,-0.973648,-0.5,-0.866025,,,,4000.0,4100.0,18000.0,0.0
Tomato (Hybrid)__Shrirampur APMC__Other,2023-07-16,train,Maharashtra,Ahmednagar,Shrirampur APMC,Benchmark,Tomato (Hybrid),Other,FAQ,4000.0,1650.0,5000.0,0.8375,1,4000.0,1500.0,2000.0,6000.0,1500.0,2814.29,2835.71,3033.33,2600.0,2500.0,864.26,1558.76,1500.0,4000.0,0.4213,0.0,0.5139,0,6,7,197,28,0,0,1,0,0,-0.244772,-0.969581,-0.5,-0.866025,,,,3800.0,4200.0,10000.0,-0.05
Tomato (Hybrid)__Shrirampur APMC__Other,2023-07-17,train,Maharashtra,Ahmednagar,Shrirampur APMC,Benchmark,Tomato (Hybrid),Other,FAQ,3800.0,1600.0,4900.0,0.8684,1,4000.0,3000.0,2500.0,5000.0,1250.0,3000.0,2750.0,3118.33,3000.0,2600.0,914.96,1528.42,1500.0,4000.0,0.2667,-0.05,0.4901,0,0,7,198,29,1,0,1,0,0,-0.261414,-0.965227,-0.5,-0.866025,,,,4100.0,17500.0,19000.0,0.0789
Tomato (Hybrid)__Shrirampur APMC__Other,2023-07-19,train,Maharashtra,Ahmednagar,Shrirampur APMC,Benchmark,Tomato (Hybrid),Other,FAQ,4100.0,1650.0,5100.0,0.8415,2,3800.0,4000.0,2600.0,2500.0,1300.0,3214.29,2864.29,3211.67,3800.0,3000.0,970.17,1499.76,1500.0,4100.0,0.2756,0.0789,0.467,0,2,7,200,29,0,0,1,0,0,-0.294462,-0.955663,-0.5,-0.866025,,,,4200.0,12000.0,17500.0,0.0244
Tomato (Hybrid)__Shrirampur APMC__Other,2023-07-20,train,Maharashtra,Ahmednagar,Shrirampur APMC,Benchmark,Tomato (Hybrid),Other,FAQ,4200.0,1700.0,5200.0,0.8333,1,4100.0,4000.0,2100.0,2500.0,1550.0,3514.29,2985.71,3300.0,4000.0,3100.0,901.47,1477.16,1500.0,4200.0,0.1951,0.0244,0.4476,0,3,7,201,29,0,0,1,0,0,-0.310857,-0.950457,-0.5,-0.866025,,,,17500.0,18000.0,1750.0,3.1667
Tomato (Hybrid)__Shrirampur APMC__Other,2023-07-21,train,Maharashtra,Ahmednagar,Shrirampur APMC,Benchmark,Tomato (Hybrid),Other,FAQ,17500.0,15000.0,20000.0,0.2857,1,4200.0,3800.0,1500.0,5000.0,2000.0,5800.0,3878.57,3816.67,4000.0,3200.0,4790.76,2929.17,3000.0,17500.0,2.0172,3.1667,0.7675,0,4,7,202,29,0,0,1,0,0,-0.32716,-0.944969,-0.5,-0.866025,,,,12000.0,10000.0,1750.0,-0.3143
Tomato (Hybrid)__Shrirampur APMC__Other,2023-07-22,train,Maharashtra,Ahmednagar,Shrirampur APMC,Benchmark,Tomato (Hybrid),Other,FAQ,12000.0,6000.0,17000.0,0.9167,1,17500.0,4100.0,3000.0,1500.0,2000.0,7085.71,4628.57,4150.0,4100.0,3300.0,5066.54,3254.41,3800.0,17500.0,0.6935,-0.3143,0.7842,0,5,7,203,29,0,1,1,0,0,-0.343367,-0.939201,-0.5,-0.866025,,,,18000.0,19000.0,1950.0,0.5
Tomato (Hybrid)__Shrirampur APMC__Other,2023-07-23,train,Maharashtra,Ahmednagar,Shrirampur APMC,Benchmark,Tomato (Hybrid),Other,FAQ,18000.0,15000.0,20000.0,0.2778,1,12000.0,4200.0,4000.0,1500.0,1500.0,9085.71,5807.14,4700.0,4200.0,3800.0,6109.58,4055.7,3800.0,18000.0,0.9811,0.5,0.8629,0,6,7,204,29,0,0,1,0,0,-0.359472,-0.933156,-0.5,-0.866025,,,,10000.0,17500.0,1875.0,-0.4444
Tomato (Hybrid)__Shrirampur APMC__Other,2023-07-24,train,Maharashtra,Ahmednagar,Shrirampur APMC,Benchmark,Tomato (Hybrid),Other,FAQ,10000.0,6000.0,17000.0,1.1,1,18000.0,17500.0,4000.0,2000.0,2000.0,9942.86,6378.57,4966.67,10000.0,4000.0,5746.02,4131.69,3800.0,18000.0,0.0057,-0.4444,0.8319,0,0,7,205,30,1,0,1,0,0,-0.37547,-0.926834,-0.5,-0.866025,,,,19000.0,1750.0,1850.0,0.9
Tomato (Hybrid)__Shrirampur APMC__Other,2023-07-26,train,Maharashtra,Ahmednagar,Shrirampur APMC,Benchmark,Tomato (Hybrid),Other,FAQ,19000.0,15000.0,20000.0,0.2632,2,10000.0,12000.0,3800.0,2500.0,2000.0,12114.29,7557.14,5533.33,12000.0,4000.0,5884.71,4798.01,4100.0,19000.0,0.5684,0.9,0.8671,0,2,7,207,30,0,0,1,0,0,-0.407129,-0.91337,-0.5,-0.866025,,,,17500.0,1750.0,1850.0,-0.0789
Tomato (Hybrid)__Shrirampur APMC__Other,2023-07-27,train,Maharashtra,Ahmednagar,Shrirampur APMC,Benchmark,Tomato (Hybrid),Other,FAQ,17500.0,15000.0,20000.0,0.2857,1,19000.0,18000.0,4100.0,2600.0,3100.0,14028.57,8621.43,6013.33,17500.0,4000.0,5092.49,5231.3,4200.0,19000.0,0.2475,-0.0789,0.8699,0,3,7,208,30,0,0,1,0,0,-0.422781,-0.906232,-0.5,-0.866025,,,,1750.0,1950.0,1850.0,-0.9
Tomato (Hybrid)__Shrirampur APMC__Other,2023-07-28,train,Maharashtra,Ahmednagar,Shrirampur APMC,Benchmark,Tomato (Hybrid),Other,FAQ,1750.0,1500.0,2000.0,0.2857,1,17500.0,10000.0,4200.0,2100.0,3200.0,13678.57,8596.43,5965.0,17500.0,4000.0,5792.1,5263.67,1750.0,19000.0,-0.8721,-0.9,0.8824,0,4,7,209,30,0,0,1,0,0,-0.438307,-0.898825,-0.5,-0.866025,,,,1750.0,1875.0,1750.0,0.0
Tomato (Hybrid)__Shrirampur APMC__Other,2023-07-29,train,Maharashtra,Ahmednagar,Shrirampur APMC,Benchmark,Tomato (Hybrid),Other,FAQ,1750.0,1500.0,2000.0,0.2857,1,1750.0,19000.0,17500.0,1500.0,5500.0,11428.57,8614.29,5840.0,12000.0,4000.0,6835.72,5317.48,1750.0,19000.0,-0.8469,0.0,0.9105,0,5,7,210,30,0,1,1,0,0,-0.453703,-0.891153,-0.5,-0.866025,,,,1950.0,1850.0,,0.1143
Tomato (Hybrid)__Shrirampur APMC__Other,2023-07-30,train,Maharashtra,Ahmednagar,Shrirampur APMC,Benchmark,Tomato (Hybrid),Other,FAQ,1950.0,1700.0,2100.0,0.2051,1,1750.0,17500.0,12000.0,3000.0,4000.0,9992.86,8539.29,5771.67,10000.0,4000.0,7579.83,5353.73,1750.0,19000.0,-0.8049,0.1143,0.9276,0,6,7,211,30,0,0,1,0,0,-0.468965,-0.883217,-0.5,-0.866025,,,,1875.0,1850.0,,-0.0385
Tomato (Hybrid)__Shrirampur APMC__Other,2023-07-31,train,Maharashtra,Ahmednagar,Shrirampur APMC,Benchmark,Tomato (Hybrid),Other,FAQ,1875.0,1600.0,2000.0,0.2133,1,1950.0,1750.0,18000.0,4000.0,3300.0,7689.29,8387.5,5724.17,1950.0,4000.0,7238.96,5381.7,1750.0,19000.0,-0.7562,-0.0385,0.9402,0,0,7,212,31,1,0,1,0,0,-0.484089,-0.875019,-0.5,-0.866025,,,,1850.0,1850.0,,-0.0133
Tomato (Hybrid)__Shrirampur APMC__Other,2023-08-02,train,Maharashtra,Ahmednagar,Shrirampur APMC,Benchmark,Tomato (Hybrid),Other,FAQ,1850.0,1600.0,2000.0,0.2162,2,1875.0,1750.0,10000.0,4000.0,5600.0,6525.0,8233.93,5599.17,1875.0,3800.0,7426.65,5426.5,1750.0,19000.0,-0.7165,-0.0133,0.9692,0,2,8,214,31,0,0,1,0,0,-0.513901,-0.857849,-0.866025,-0.5,,,,1850.0,1750.0,,0.0
Tomato (Hybrid)__Shrirampur APMC__Other,2023-08-03,train,Maharashtra,Ahmednagar,Shrirampur APMC,Benchmark,Tomato (Hybrid),Other,FAQ,1850.0,1600.0,2000.0,0.2162,1,1850.0,1950.0,19000.0,3800.0,7000.0,4075.0,8094.64,5427.5,1850.0,3000.0,5481.12,5460.82,1750.0,17500.0,-0.546,0.0,1.0061,0,3,8,215,31,0,0,1,0,0,-0.528581,-0.848883,-0.866025,-0.5,,,,1850.0,,,0.0
Tomato (Hybrid)__Shrirampur APMC__Other,2023-08-04,train,Maharashtra,Ahmednagar,Shrirampur APMC,Benchmark,Tomato (Hybrid),Other,FAQ,1850.0,1600.0,2000.0,0.2162,1,1850.0,1875.0,17500.0,4100.0,6000.0,1839.29,7933.93,5289.17,1850.0,2600.0,65.27,5497.01,1750.0,1950.0,0.0058,0.0,1.0393,0,4,8,216,31,0,0,1,0,0,-0.543105,-0.839665,-0.866025,-0.5,,,,1750.0,,,-0.0541
Tomato (Hybrid)__Shrirampur APMC__Other,2023-08-05,train,Maharashtra,Ahmednagar,Shrirampur APMC,Benchmark,Tomato (Hybrid),Other,FAQ,1750.0,1600.0,2000.0,0.2286,1,1850.0,1850.0,1750.0,4200.0,5000.0,1839.29,7758.93,5180.83,1850.0,2500.0,65.27,5533.54,1750.0,1950.0,-0.0485,-0.0541,1.0681,0,5,8,217,31,0,1,1,0,0,-0.557468,-0.830198,-0.866025,-0.5,,,,,,,
Tomato (Hybrid)__Nagpur APMC__Other,2023-07-22,train,Maharashtra,Nagpur,Nagpur APMC,Benchmark,Tomato (Hybrid),Other,FAQ,8000.0,5000.0,9000.0,0.5,2,7500.0,11000.0,8500.0,8500.0,4350.0,8821.43,8892.86,6760.0,8500.0,7500.0,1041.24,2425.63,7500.0,11000.0,-0.0931,0.0667,0.3588,0,5,7,203,29,0,1,1,0,0,-0.343367,-0.939201,-0.5,-0.866025,,,,9000.0,10000.0,12250.0,0.125
Tomato (Hybrid)__Nagpur APMC__Other,2023-07-23,train,Maharashtra,Nagpur,Nagpur APMC,Benchmark,Tomato (Hybrid),Other,FAQ,9000.0,6000.0,10000.0,0.4444,1,8000.0,9000.0,8500.0,10250.0,3350.0,8892.86,8803.57,6948.33,9000.0,8000.0,1033.87,2372.31,7500.0,11000.0,0.012,0.125,0.3414,0,6,7,204,29,0,0,1,0,0,-0.359472,-0.933156,-0.5,-0.866025,,,,9250.0,9500.0,10250.0,0.0278
Tomato (Hybrid)__Nagpur APMC__Other,2023-07-25,train,Maharashtra,Nagpur,Nagpur APMC,Benchmark,Tomato (Hybrid),Other,FAQ,9250.0,7000.0,10000.0,0.3243,2,9000.0,7500.0,9250.0,9500.0,3350.0,8892.86,8785.71,7145.0,9000.0,8250.0,1033.87,2309.59,7500.0,11000.0,0.0402,0.0278,0.3232,0,1,7,206,30,0,0,1,0,0,-0.391358,-0.920239,-0.5,-0.866025,,,,10000.0,13250.0,11000.0,0.0811
Tomato (Hybrid)__Nagpur APMC__Other,2023-07-26,train,Maharashtra,Nagpur,Nagpur APMC,Benchmark,Tomato (Hybrid),Other,FAQ,10000.0,7000.0,11000.0,0.4,1,9250.0,8000.0,8500.0,8500.0,2350.0,9107.14,8892.86,7400.0,9000.0,8500.0,1084.44,2185.05,7500.0,11000.0,0.098,0.0811,0.2953,0,2,7,207,30,0,0,1,0,0,-0.407129,-0.91337,-0.5,-0.866025,,,,9500.0,11750.0,8750.0,-0.05
Tomato (Hybrid)__Nagpur APMC__Other,2023-07-27,train,Maharashtra,Nagpur,Nagpur APMC,Benchmark,Tomato (Hybrid),Other,FAQ,9500.0,8000.0,10000.0,0.2105,1,10000.0,9000.0,11000.0,8250.0,4325.0,8892.86,8982.14,7572.5,9000.0,8500.0,800.19,2139.28,7500.0,10000.0,0.0683,-0.05,0.2825,0,3,7,208,30,0,0,1,0,0,-0.422781,-0.906232,-0.5,-0.866025,,,,13250.0,12250.0,,0.3947
Tomato (Hybrid)__Nagpur APMC__Other,2023-07-31,train,Maharashtra,Nagpur,Nagpur APMC,Benchmark,Tomato (Hybrid),Other,FAQ,13250.0,11000.0,15000.0,0.3019,4,9500.0,9250.0,9000.0,9000.0,3350.0,9500.0,9285.71,7902.5,9250.0,8500.0,1726.89,2224.36,7500.0,13250.0,0.3947,0.3947,0.2815,0,0,7,212,31,1,0,1,0,0,-0.484089,-0.875019,-0.5,-0.866025,,,,11750.0,10250.0,,-0.1132
Tomato (Hybrid)__Nagpur APMC__Other,2023-08-01,train,Maharashtra,Nagpur,Nagpur APMC,Benchmark,Tomato (Hybrid),Other,FAQ,11750.0,8000.0,13000.0,0.4255,1,13250.0,10000.0,7500.0,8750.0,3750.0,10107.14,9500.0,8169.17,9500.0,8500.0,1662.92,2189.82,8000.0,13250.0,0.1625,-0.1132,0.2681,0,1,8,213,31,0,0,1,0,0,-0.499069,-0.866562,-0.866025,-0.5,,,,12250.0,11000.0,,0.0426
Tomato (Hybrid)__Nagpur APMC__Other,2023-08-02,train,Maharashtra,Nagpur,Nagpur APMC,Benchmark,Tomato (Hybrid),Other,FAQ,12250.0,9000.0,13000.0,0.3265,1,11750.0,9500.0,8000.0,8500.0,4500.0,10714.29,9767.86,8427.5,10000.0,8500.0,1555.11,2198.85,9000.0,13250.0,0.1433,0.0426,0.2609,0,2,8,214,31,0,0,1,0,0,-0.513901,-0.857849,-0.866025,-0.5,,,,10250.0,8750.0,,-0.1633
Tomato (Hybrid)__Nagpur APMC__Other,2023-08-03,train,Maharashtra,Nagpur,Nagpur APMC,Benchmark,Tomato (Hybrid),Other,FAQ,10250.0,8000.0,12000.0,0.3902,1,12250.0,13250.0,9000.0,8500.0,4250.0,10892.86,9892.86,8627.5,10250.0,8750.0,1413.31,2079.41,9250.0,13250.0,-0.059,-0.1633,0.241,0,3,8,215,31,0,0,1,0,0,-0.528581,-0.848883,-0.866025,-0.5,,,,11000.0,,,0.0732
Tomato (Hybrid)__Nagpur APMC__Other,2023-08-05,train,Maharashtra,Nagpur,Nagpur APMC,Benchmark,Tomato (Hybrid),Other,FAQ,11000.0,6000.0,12000.0,0.5455,2,10250.0,11750.0,9250.0,9250.0,3500.0,11142.86,10017.86,8877.5,11000.0,9000.0,1245.4,1890.15,9500.0,13250.0,-0.0128,0.0732,0.2129,0,5,8,217,31,0,1,1,0,0,-0.557468,-0.830198,-0.866025,-0.5,,,,8750.0,,,-0.2045
Tomato (Hybrid)__Nagpur APMC__Other,2023-08-06,train,Maharashtra,Nagpur,Nagpur APMC,Benchmark,Tomato (Hybrid),Other,FAQ,8750.0,5000.0,10000.0,0.5714,1,11000.0,12250.0,10000.0,8500.0,4500.0,10964.29,10035.71,9019.17,11000.0,9000.0,1466.46,1707.16,8750.0,13250.0,-0.202,-0.2045,0.1893,0,6,8,218,31,0,0,1,0,0,-0.571667,-0.820486,-0.866025,-0.5,,,,,,,
Tomato (Hybrid)__Rahuri APMC__Other,2023-07-23,train,Maharashtra,Ahmednagar,Rahuri APMC,Other Maharashtra,Tomato (Hybrid),Other,FAQ,4900.0,2800.0,7000.0,0.8571,1,4900.0,3000.0,2300.0,6050.0,1900.0,3842.86,3907.14,3105.0,4000.0,3000.0,779.85,1231.28,3000.0,4900.0,0.2751,0.0,0.3965,0,6,7,204,29,0,0,1,0,0,-0.359472,-0.933156,-0.5,-0.866025,,,,4800.0,4750.0,5750.0,-0.0204
Tomato (Hybrid)__Rahuri APMC__Other,2023-07-24,train,Maharashtra,Ahmednagar,Rahuri APMC,Other Maharashtra,Tomato (Hybrid),Other,FAQ,4800.0,2200.0,7500.0,1.1042,1,4900.0,4000.0,3000.0,4500.0,1900.0,4100.0,3928.57,3201.67,4000.0,3000.0,755.93,1246.63,3000.0,4900.0,0.1707,-0.0204,0.3894,0,0,7,205,30,1,0,1,0,0,-0.37547,-0.926834,-0.5,-0.866025,,,,4750.0,5500.0,6000.0,-0.0104
Tomato (Hybrid)__Rahuri APMC__Other,2023-07-25,train,Maharashtra,Ahmednagar,Rahuri APMC,Other Maharashtra,Tomato (Hybrid),Other,FAQ,4750.0,1500.0,8000.0,1.3684,1,4800.0,4900.0,4000.0,4500.0,1900.0,4207.14,3946.43,3296.67,4750.0,3100.0,786.69,1252.39,3000.0,4900.0,0.129,-0.0104,0.3799,0,1,7,206,30,0,0,1,0,0,-0.391358,-0.920239,-0.5,-0.866025,,,,4750.0,6000.0,6000.0,0.0
Tomato (Hybrid)__Rahuri APMC__Other,2023-07-26,train,Maharashtra,Ahmednagar,Rahuri APMC,Other Maharashtra,Tomato (Hybrid),Other,FAQ,4750.0,1500.0,8000.0,1.3684,1,4750.0,4900.0,3100.0,4500.0,1900.0,4442.86,3964.29,3391.67,4750.0,3500.0,655.98,1250.94,3000.0,4900.0,0.0691,0.0,0.3688,0,2,7,207,30,0,0,1,0,0,-0.407129,-0.91337,-0.5,-0.866025,,,,5500.0,5500.0,7600.0,0.1579
Tomato (Hybrid)__Rahuri APMC__Other,2023-07-27,train,Maharashtra,Ahmednagar,Rahuri APMC,Other Maharashtra,Tomato (Hybrid),Other,FAQ,5500.0,2000.0,9000.0,1.2727,1,4750.0,4800.0,3000.0,4500.0,1900.0,4800.0,4035.71,3511.67,4800.0,4000.0,406.2,1274.54,4000.0,5500.0,0.1458,0.1579,0.3629,0,3,7,208,30,0,0,1,0,0,-0.422781,-0.906232,-0.5,-0.866025,,,,6000.0,5750.0,7500.0,0.0909
Tomato (Hybrid)__Rahuri APMC__Other,2023-07-29,train,Maharashtra,Ahmednagar,Rahuri APMC,Other Maharashtra,Tomato (Hybrid),Other,FAQ,6000.0,3000.0,9000.0,1.0,2,5500.0,4750.0,4000.0,3500.0,1900.0,5085.71,4214.29,3648.33,4900.0,4000.0,444.58,1313.61,4750.0,6000.0,0.1798,0.0909,0.3601,0,5,7,210,30,0,1,1,0,0,-0.453703,-0.891153,-0.5,-0.866025,,,,5500.0,6000.0,5500.0,-0.0833
Tomato (Hybrid)__Rahuri APMC__Other,2023-07-30,train,Maharashtra,Ahmednagar,Rahuri APMC,Other Maharashtra,Tomato (Hybrid),Other,FAQ,5500.0,2500.0,9000.0,1.1818,1,6000.0,4750.0,4900.0,4000.0,1800.0,5171.43,4321.43,3771.67,4900.0,4000.0,458.15,1307.97,4750.0,6000.0,0.0635,-0.0833,0.3468,0,6,7,211,30,0,0,1,0,0,-0.468965,-0.883217,-0.5,-0.866025,,,,5750.0,6000.0,5500.0,0.0455
Tomato (Hybrid)__Rahuri APMC__Other,2023-07-31,train,Maharashtra,Ahmednagar,Rahuri APMC,Other Maharashtra,Tomato (Hybrid),Other,FAQ,5750.0,2500.0,9000.0,1.1304,1,5500.0,5500.0,4900.0,2300.0,2700.0,5292.86,4567.86,3873.33,5500.0,4400.0,482.13,1338.89,4750.0,6000.0,0.0864,0.0455,0.3457,0,0,7,212,31,1,0,1,0,0,-0.484089,-0.875019,-0.5,-0.866025,,,,6000.0,7600.0,,0.0435
Tomato (Hybrid)__Rahuri APMC__Other,2023-08-01,train,Maharashtra,Ahmednagar,Rahuri APMC,Other Maharashtra,Tomato (Hybrid),Other,FAQ,6000.0,3000.0,9000.0,1.0,1,5750.0,6000.0,4800.0,3000.0,2000.0,5464.29,4782.14,4006.67,5500.0,4500.0,489.69,1344.85,4750.0,6000.0,0.098,0.0435,0.3357,0,1,8,213,31,0,0,1,0,0,-0.499069,-0.866562,-0.866025,-0.5,,,,6000.0,7500.0,,0.0
Tomato (Hybrid)__Rahuri APMC__Other,2023-08-02,train,Maharashtra,Ahmednagar,Rahuri APMC,Other Maharashtra,Tomato (Hybrid),Other,FAQ,6000.0,3000.0,9000.0,1.0,1,6000.0,5500.0,4750.0,4000.0,2000.0,5642.86,4925.0,4140.0,5750.0,4500.0,419.55,1337.56,4750.0,6000.0,0.0633,0.0,0.3231,0,2,8,214,31,0,0,1,0,0,-0.513901,-0.857849,-0.866025,-0.5,,,,7600.0,5500.0,,0.2667
Tomato (Hybrid)__Rahuri APMC__Other,2023-08-03,train,Maharashtra,Ahmednagar,Rahuri APMC,Other Maharashtra,Tomato (Hybrid),Other,FAQ,7600.0,4000.0,11100.0,0.9342,1,6000.0,5750.0,4750.0,3100.0,2000.0,6050.0,5246.43,4326.67,6000.0,4500.0,666.01,1414.43,5500.0,7600.0,0.2562,0.2667,0.3269,0,3,8,215,31,0,0,1,0,0,-0.528581,-0.848883,-0.866025,-0.5,,,,7500.0,5500.0,,-0.0132
Tomato (Hybrid)__Rahuri APMC__Other,2023-08-04,train,Maharashtra,Ahmednagar,Rahuri APMC,Other Maharashtra,Tomato (Hybrid),Other,FAQ,7500.0,4000.0,11000.0,0.9333,1,7600.0,6000.0,5500.0,3000.0,2000.0,6335.71,5567.86,4510.0,6000.0,4500.0,786.82,1456.79,5500.0,7600.0,0.1838,-0.0132,0.323,0,4,8,216,31,0,0,1,0,0,-0.543105,-0.839665,-0.866025,-0.5,,,,5500.0,,,-0.2667
Tomato (Hybrid)__Rahuri APMC__Other,2023-08-05,train,Maharashtra,Ahmednagar,Rahuri APMC,Other Maharashtra,Tomato (Hybrid),Other,FAQ,5500.0,2500.0,8500.0,1.0909,1,7500.0,6000.0,6000.0,4000.0,2000.0,6264.29,5675.0,4626.67,6000.0,4750.0,835.26,1389.71,5500.0,7600.0,-0.122,-0.2667,0.3004,0,5,8,217,31,0,1,1,0,0,-0.557468,-0.830198,-0.866025,-0.5,,,,5500.0,,,0.0
Tomato (Hybrid)__Rahuri APMC__Other,2023-08-06,train,Maharashtra,Ahmednagar,Rahuri APMC,Other Maharashtra,Tomato (Hybrid),Other,FAQ,5500.0,2000.0,9000.0,1.2727,1,5500.0,7600.0,5500.0,4900.0,2000.0,6264.29,5717.86,4743.33,6000.0,4750.0,835.26,1308.86,5500.0,7600.0,-0.122,0.0,0.2759,0,6,8,218,31,0,0,1,0,0,-0.571667,-0.820486,-0.866025,-0.5,,,,,,,
Tomato (Hybrid)__Ahmednagar APMC__Other,2023-09-22,train,Maharashtra,Ahmednagar,Ahmednagar APMC,Other Maharashtra,Tomato (Hybrid),Other,FAQ,700.0,200.0,1200.0,1.4286,1,850.0,600.0,1250.0,6250.0,700.0,989.29,2316.07,3787.5,850.0,4350.0,451.16,2241.32,425.0,1750.0,-0.2924,-0.1765,0.5918,0,4,9,265,38,0,0,1,0,0,-0.988204,-0.153142,-1.0,-0.0,,,,500.0,750.0,1000.0,-0.2857
Tomato (Hybrid)__Ahmednagar APMC__Other,2023-10-13,train,Maharashtra,Ahmednagar,Ahmednagar APMC,Other Maharashtra,Tomato (Hybrid),Other,FAQ,500.0,200.0,800.0,1.2,21,700.0,425.0,1100.0,6000.0,1200.0,903.57,1923.21,3764.17,700.0,4350.0,478.17,2271.58,425.0,1750.0,-0.4466,-0.2857,0.6035,0,4,10,286,41,0,0,1,0,0,-0.978548,0.206018,-0.866025,0.5,,,,500.0,700.0,,0.0
Tomato (Hybrid)__Ahmednagar APMC__Other,2023-10-14,train,Maharashtra,Ahmednagar,Ahmednagar APMC,Other Maharashtra,Tomato (Hybrid),Other,FAQ,500.0,200.0,800.0,1.2,1,500.0,850.0,1750.0,6500.0,1900.0,725.0,1494.64,3717.5,600.0,4350.0,343.04,2323.19,425.0,1500.0,-0.3103,0.0,0.6249,0,5,10,287,41,0,1,1,0,0,-0.97486,0.22282,-0.866025,0.5,,,,750.0,750.0,,0.5
Tomato (Hybrid)__Ahmednagar APMC__Other,2023-10-21,train,Maharashtra,Ahmednagar,Ahmednagar APMC,Other Maharashtra,Tomato (Hybrid),Other,FAQ,750.0,100.0,1400.0,1.7333,7,500.0,700.0,1500.0,5000.0,3500.0,617.86,1191.07,3625.83,600.0,4350.0,143.12,2383.44,425.0,850.0,0.2139,0.5,0.6573,0,5,10,294,42,0,1,1,0,0,-0.941034,0.338313,-0.866025,0.5,,,,700.0,850.0,,-0.0667
Tomato (Hybrid)__Ahmednagar APMC__Other,2023-10-22,train,Maharashtra,Ahmednagar,Ahmednagar APMC,Other Maharashtra,Tomato (Hybrid),Other,FAQ,700.0,200.0,1200.0,1.4286,1,750.0,500.0,600.0,3000.0,4250.0,632.14,1026.79,3507.5,700.0,4350.0,145.6,2437.03,425.0,850.0,0.1073,-0.0667,0.6948,0,6,10,295,42,0,0,1,0,0,-0.935075,0.35445,-0.866025,0.5,,,,750.0,1000.0,,0.0714
Tomato (Hybrid)__Ahmednagar APMC__Other,2023-10-23,train,Maharashtra,Ahmednagar,Ahmednagar APMC,Other Maharashtra,Tomato (Hybrid),Other,FAQ,750.0,300.0,1200.0,1.2,1,700.0,500.0,425.0,2250.0,4350.0,678.57,919.64,3387.5,700.0,3000.0,122.06,2480.83,500.0,850.0,0.1053,0.0714,0.7323,0,0,10,296,43,1,0,1,0,0,-0.928839,0.370483,-0.866025,0.5,,,,850.0,,,0.1333
Tomato (Hybrid)__Ahmednagar APMC__Other,2023-10-29,train,Maharashtra,Ahmednagar,Ahmednagar APMC,Other Maharashtra,Tomato (Hybrid),Other,FAQ,850.0,200.0,1500.0,1.5294,6,750.0,750.0,850.0,1500.0,6000.0,678.57,873.21,3215.83,700.0,2250.0,122.06,2472.28,500.0,850.0,0.2526,0.1333,0.7688,0,6,10,302,43,0,0,1,0,0,-0.885725,0.46421,-0.866025,0.5,,,,1000.0,,,0.1765
Tomato (Hybrid)__Ahmednagar APMC__Other,2023-10-30,train,Maharashtra,Ahmednagar,Ahmednagar APMC,Other Maharashtra,Tomato (Hybrid),Other,FAQ,1000.0,500.0,1500.0,1.0,1,850.0,700.0,700.0,1250.0,6250.0,721.43,855.36,3040.83,750.0,1750.0,166.6,2436.87,500.0,1000.0,0.3861,0.1765,0.8014,0,0,10,303,44,1,0,1,0,0,-0.877609,0.479378,-0.866025,0.5,,,,,,,
